event_id,event_date,trading_date_used,category,commodity,event_type,headline,expected_direction,surprise_level,source,asset,ticker,return_1d,benchmark_return_1d,abnormal_return_1d,return_3d,benchmark_return_3d,abnormal_return_3d,return_5d,benchmark_return_5d,abnormal_return_5d,pre_event_volatility,post_event_volatility,volatility_change,direction_correct_1d
E024,2020-03-11,2020-03-11,Demand shock,Oil,Pandemic,WHO declares COVID-19 pandemic,bearish,High,WHO,Brent Crude,BZ=F,-0.07180775716910459,-0.09567737079121019,0.0238696136221056,-0.1603800372068871,-0.12578383077156718,-0.03459620643531991,-0.304833793676364,-0.12523720160768403,-0.17959659206867995,1.0126729893609838,0.9548075636116123,-0.05786542574937148,0
E024,2020-03-11,2020-03-11,Demand shock,Oil,Pandemic,WHO declares COVID-19 pandemic,bearish,High,WHO,WTI Crude,CL=F,-0.04487566897449302,-0.09567737079121019,0.05080170181671717,-0.12977558637669573,-0.12578383077156718,-0.003991755605128544,-0.38235290715676773,-0.12523720160768403,-0.2571157055490837,1.072906838933655,1.5083405509254755,0.43543371199182057,0
E024,2020-03-11,2020-03-11,Demand shock,Oil,Pandemic,WHO declares COVID-19 pandemic,bearish,High,WHO,Natural Gas,NG=F,-0.019701842208797005,-0.09567737079121019,0.07597552858241319,-0.033546306206893695,-0.12578383077156718,0.09223752456467349,-0.1458999177722513,-0.12523720160768403,-0.020662716164567274,0.5963888177724612,0.516860643151028,-0.07952817462143325,0
E024,2020-03-11,2020-03-11,Demand shock,Oil,Pandemic,WHO declares COVID-19 pandemic,bearish,High,WHO,Shell,SHEL,-0.1496085535802787,-0.09567737079121019,-0.0539311827890685,-0.26587416033622946,-0.12578383077156718,-0.14009032956466227,-0.37315168968771084,-0.12523720160768403,-0.2479144880800268,0.719771322317763,1.5205771094301948,0.8008057871124318,1
E024,2020-03-11,2020-03-11,Demand shock,Oil,Pandemic,WHO declares COVID-19 pandemic,bearish,High,WHO,BP,BP,-0.12530367476037452,-0.09567737079121019,-0.029626303969164325,-0.23600951403502768,-0.12578383077156718,-0.1102256832634605,-0.3467151912417633,-0.12523720160768403,-0.22147798963407928,0.7803024966589669,1.3564746394161373,0.5761721427571704,1
E024,2020-03-11,2020-03-11,Demand shock,Oil,Pandemic,WHO declares COVID-19 pandemic,bearish,High,WHO,ExxonMobil,XOM,-0.11434022521880316,-0.09567737079121019,-0.018662854427592968,-0.17841818779757623,-0.12578383077156718,-0.05263435702600905,-0.21105288383940202,-0.12523720160768403,-0.08581568223171798,0.6362265462860884,1.3261119428741335,0.689885396588045,1
E024,2020-03-11,2020-03-11,Demand shock,Oil,Pandemic,WHO declares COVID-19 pandemic,bearish,High,WHO,Chevron,CVX,-0.08153691992493795,-0.09567737079121019,0.014140450866272247,-0.16054461766023753,-0.12578383077156718,-0.03476078688867035,-0.3369867281906521,-0.12523720160768403,-0.21174952658296808,0.6707613759537893,2.0370553501628827,1.3662939742090936,0
E024,2020-03-11,2020-03-11,Demand shock,Oil,Pandemic,WHO declares COVID-19 pandemic,bearish,High,WHO,TotalEnergies,TTE,-0.15647634667870913,-0.09567737079121019,-0.06079897588749894,-0.23790207224659998,-0.12578383077156718,-0.1121182414750328,-0.2813676740793637,-0.12523720160768403,-0.15613047247167966,0.7427518096540063,1.7819216393922326,1.0391698297382264,1
E024,2020-03-11,2020-03-11,Demand shock,Oil,Pandemic,WHO declares COVID-19 pandemic,bearish,High,WHO,Energy ETF,XLE,-0.12474002505349335,-0.09567737079121019,-0.02906265426228316,-0.17404193770398324,-0.12578383077156718,-0.048258106932416056,-0.28779329247433993,-0.12523720160768403,-0.1625560908666559,0.8289707710732881,1.6765646366392566,0.8475938655659685,1
E024,2020-03-11,2020-03-11,Demand shock,Oil,Pandemic,WHO declares COVID-19 pandemic,bearish,High,WHO,Oil Services ETF,OIH,-0.1471216965984632,-0.09567737079121019,-0.051444325807253,-0.16844361880748326,-0.12578383077156718,-0.04265978803591608,-0.27718560779758195,-0.12523720160768403,-0.1519484061898979,1.2403245875265954,1.8165862779078115,0.5762616903812161,1
E024,2020-03-11,2020-03-11,Demand shock,Oil,Pandemic,WHO declares COVID-19 pandemic,bearish,High,WHO,Airlines ETF,JETS,-0.16798820899664768,-0.09567737079121019,-0.07231083820543749,-0.19623401702163923,-0.12578383077156718,-0.07045018625007204,-0.3676907947948532,-0.12523720160768403,-0.2424535931871692,0.577718863744172,1.8560611737022332,1.2783423099580613,1
E024,2020-03-11,2020-03-11,Demand shock,Oil,Pandemic,WHO declares COVID-19 pandemic,bearish,High,WHO,Utilities ETF,XLU,-0.10093722798792215,-0.09567737079121019,-0.005259857196711959,-0.1596252161338878,-0.12578383077156718,-0.03384138536232062,-0.09337505264873547,-0.12523720160768403,0.031862148958948566,0.4336688556712643,1.6492602460264265,1.2155913903551623,1
E001,2020-04-12,2020-04-13,OPEC decision,Oil,Production cut,OPEC+ agrees record production cuts,bullish,High,OPEC,Brent Crude,BZ=F,-0.0674227915904313,0.02949307843227933,-0.09691587002271063,-0.12350346895279285,0.012479396610316051,-0.1359828655631089,-0.1943919382730539,0.021511804319023442,-0.21590374259207734,1.3848839086426068,0.7193925315444488,-0.665491377098158,0
E001,2020-04-12,2020-04-13,OPEC decision,Oil,Production cut,OPEC+ agrees record production cuts,bullish,High,OPEC,WTI Crude,CL=F,-0.10263271988938227,0.02949307843227933,-0.1321257983216616,-0.11334221443433112,0.012479396610316051,-0.12582161104464717,-2.6791611478953543,0.021511804319023442,-2.7006729522143775,1.850536288895747,21.38644760130265,19.535911312406903,0
E001,2020-04-12,2020-04-13,OPEC decision,Oil,Production cut,OPEC+ agrees record production cuts,bullish,High,OPEC,Natural Gas,NG=F,-0.04292343499774576,0.02949307843227933,-0.07241651343002509,-0.02204175644241857,0.012479396610316051,-0.03452115305273462,0.11600930994139103,0.021511804319023442,0.09449750562236758,0.6174831064096747,0.9452320785103174,0.3277489721006427,0
E001,2020-04-12,2020-04-13,OPEC decision,Oil,Production cut,OPEC+ agrees record production cuts,bullish,High,OPEC,Shell,SHEL,-0.009633068746544016,0.02949307843227933,-0.039126147178823345,-0.12764223109325157,0.012479396610316051,-0.14012162770356762,-0.10409398315027008,0.021511804319023442,-0.12560578746929352,1.3600074948618428,1.0289722722994337,-0.33103522256240914,0
E001,2020-04-12,2020-04-13,OPEC decision,Oil,Production cut,OPEC+ agrees record production cuts,bullish,High,OPEC,BP,BP,-0.018867480539528025,0.02949307843227933,-0.048360558971807355,-0.12284227712122786,0.012479396610316051,-0.1353216737315439,-0.10276972124269779,0.021511804319023442,-0.12428152556172123,1.28823156541455,0.862770336805681,-0.4254612286088689,0
E001,2020-04-12,2020-04-13,OPEC decision,Oil,Production cut,OPEC+ agrees record production cuts,bullish,High,OPEC,ExxonMobil,XOM,-0.0077176165659709195,0.02949307843227933,-0.03721069499825025,-0.08442464356473312,0.012479396610316051,-0.09690404017504917,-0.036950543351721654,0.021511804319023442,-0.058462347670745096,0.9205504311994209,1.0074149265586594,0.08686449535923846,0
E001,2020-04-12,2020-04-13,OPEC decision,Oil,Production cut,OPEC+ agrees record production cuts,bullish,High,OPEC,Chevron,CVX,-0.0035335120649773177,0.02949307843227933,-0.03302659049725665,-0.057943861452736556,0.012479396610316051,-0.07042325806305261,-0.015781758940317747,0.021511804319023442,-0.03729356325934119,1.6045164830771632,0.8437295387280381,-0.7607869443491251,0
E001,2020-04-12,2020-04-13,OPEC decision,Oil,Production cut,OPEC+ agrees record production cuts,bullish,High,OPEC,TotalEnergies,TTE,-0.022934656760322136,0.02949307843227933,-0.052427735192601466,-0.10886981662177675,0.012479396610316051,-0.1213492132320928,-0.08814600814009077,0.021511804319023442,-0.10965781245911421,1.1845757753120245,0.7902284027741742,-0.39434737253785035,0
E001,2020-04-12,2020-04-13,OPEC decision,Oil,Production cut,OPEC+ agrees record production cuts,bullish,High,OPEC,Energy ETF,XLE,-0.00473358540669977,0.02949307843227933,-0.0342266638389791,-0.09201172945765967,0.012479396610316051,-0.10449112606797573,-0.02692307359548307,0.021511804319023442,-0.04843487791450651,1.2079925796692592,1.0114048279233656,-0.1965877517458936,0
E001,2020-04-12,2020-04-13,OPEC decision,Oil,Production cut,OPEC+ agrees record production cuts,bullish,High,OPEC,Oil Services ETF,OIH,-0.014315047246764023,0.02949307843227933,-0.04380812567904335,-0.14918197245920084,0.012479396610316051,-0.1616613690695169,-0.09785276835984713,0.021511804319023442,-0.11936457267887057,1.299819974647931,0.9925591837237909,-0.30726079092414016,0
E001,2020-04-12,2020-04-13,OPEC decision,Oil,Production cut,OPEC+ agrees record production cuts,bullish,High,OPEC,Airlines ETF,JETS,0.030906585595880776,0.02949307843227933,0.0014135071636014462,-0.05151104249838412,0.012479396610316051,-0.06399043910870017,-0.039148381657932,0.021511804319023442,-0.06066018597695544,1.3868210255032063,0.6855399005144609,-0.7012811249887454,1
E001,2020-04-12,2020-04-13,OPEC decision,Oil,Production cut,OPEC+ agrees record production cuts,bullish,High,OPEC,Utilities ETF,XLU,0.029371647026618763,0.02949307843227933,-0.00012143140566056587,-0.004414268141292976,0.012479396610316051,-0.016893664751609028,-0.011205660949463958,0.021511804319023442,-0.0327174652684874,1.0607511240445988,0.5267733990640598,-0.533977724980539,0
E015,2021-03-23,2021-03-23,Supply disruption,Oil,Shipping,Ever Given blocks the Suez Canal,bullish,High,Public news reports,Brent Crude,BZ=F,0.059549312256341524,-0.005083717545305788,0.06463302980164731,0.06218125879862191,0.016636611799186962,0.045544646999434946,0.05510772205409542,0.0134273390041868,0.04168038304990862,0.40799754034657976,0.6324675001932746,0.22446995984669482,1
E015,2021-03-23,2021-03-23,Supply disruption,Oil,Shipping,Ever Given blocks the Suez Canal,bullish,High,Public news reports,WTI Crude,CL=F,0.05921056237925115,-0.005083717545305788,0.06429427992455694,0.05557484405211999,0.016636611799186962,0.038938232252933025,0.04830334135392822,0.0134273390041868,0.03487600234974142,0.40976736433612215,0.6583609640907425,0.24859359975462036,1
E015,2021-03-23,2021-03-23,Supply disruption,Oil,Shipping,Ever Given blocks the Suez Canal,bullish,High,Public news reports,Natural Gas,NG=F,0.003987237190562043,-0.005083717545305788,0.009070954735867831,0.01953749075272393,0.016636611799186962,0.0029008789535369672,0.045853275223080026,0.0134273390041868,0.032425936218893225,0.3133930605558576,0.1571823704545492,-0.1562106901013084,1
E015,2021-03-23,2021-03-23,Supply disruption,Oil,Shipping,Ever Given blocks the Suez Canal,bullish,High,Public news reports,Shell,SHEL,0.025934044395851785,-0.005083717545305788,0.031017761941157573,0.0373755901332844,0.016636611799186962,0.020738978334097435,0.01957757762130763,0.0134273390041868,0.006150238617120829,0.30353678071476936,0.30031985404381994,-0.003216926670949416,1
E015,2021-03-23,2021-03-23,Supply disruption,Oil,Shipping,Ever Given blocks the Suez Canal,bullish,High,Public news reports,BP,BP,0.02867835829063714,-0.005083717545305788,0.03376207583594293,0.048628413135989534,0.016636611799186962,0.03199180133680257,0.03408103479325719,0.0134273390041868,0.020653695789070392,0.3668518182948676,0.3080777692552466,-0.058774049039621024,1
E015,2021-03-23,2021-03-23,Supply disruption,Oil,Shipping,Ever Given blocks the Suez Canal,bullish,High,Public news reports,ExxonMobil,XOM,0.02028256726362021,-0.005083717545305788,0.025366284808926,0.04509227894655887,0.016636611799186962,0.02845566714737191,0.026620737918222837,0.0134273390041868,0.013193398914036036,0.3787858444257754,0.27471183004673155,-0.10407401437904384,1
E015,2021-03-23,2021-03-23,Supply disruption,Oil,Shipping,Ever Given blocks the Suez Canal,bullish,High,Public news reports,Chevron,CVX,0.026772831269097352,-0.005083717545305788,0.03185654881440314,0.05403577174207563,0.016636611799186962,0.03739915994288867,0.038835412756377474,0.0134273390041868,0.025408073752190674,0.3052296005608988,0.25933931063437865,-0.04589028992652017,1
E015,2021-03-23,2021-03-23,Supply disruption,Oil,Shipping,Ever Given blocks the Suez Canal,bullish,High,Public news reports,TotalEnergies,TTE,0.01947525386662874,-0.005083717545305788,0.024558971411934527,0.02144441755359816,0.016636611799186962,0.0048078057544111985,0.03019746264342782,0.0134273390041868,0.01677012363924102,0.2879612356696856,0.25984603144583274,-0.028115204223852885,1
E015,2021-03-23,2021-03-23,Supply disruption,Oil,Shipping,Ever Given blocks the Suez Canal,bullish,High,Public news reports,Energy ETF,XLE,0.025088563733704383,-0.005083717545305788,0.03017228127901017,0.054359295727195,0.016636611799186962,0.03772268392800804,0.03282458920093645,0.0134273390041868,0.01939725019674965,0.3526019309744118,0.28123419556941903,-0.07136773540499275,1
E015,2021-03-23,2021-03-23,Supply disruption,Oil,Shipping,Ever Given blocks the Suez Canal,bullish,High,Public news reports,Oil Services ETF,OIH,0.01599868805159055,-0.005083717545305788,0.021082405596896336,0.05666882381034477,0.016636611799186962,0.04003221201115781,0.022947616733029363,0.0134273390041868,0.009520277728842563,0.542986226794604,0.35104593031688075,-0.1919402964777232,1
E015,2021-03-23,2021-03-23,Supply disruption,Oil,Shipping,Ever Given blocks the Suez Canal,bullish,High,Public news reports,Airlines ETF,JETS,-0.012331491326933897,-0.005083717545305788,-0.0072477737816281085,0.02774557573815284,0.016636611799186962,0.011108963938965877,0.043930644117381235,0.0134273390041868,0.030503305113194434,0.3600333812157825,0.28559843670652985,-0.07443494450925264,0
E015,2021-03-23,2021-03-23,Supply disruption,Oil,Shipping,Ever Given blocks the Suez Canal,bullish,High,Public news reports,Utilities ETF,XLU,0.0003197321363148653,-0.005083717545305788,0.005403449681620653,0.01438394680434274,0.016636611799186962,-0.0022526649948442223,0.015982107569688653,0.0134273390041868,0.0025547685655018526,0.1836519748475343,0.13064652501674906,-0.05300544983078523,1
E002,2021-07-18,2021-07-19,OPEC decision,Oil,Production increase,OPEC+ agrees gradual production increase,bearish,Medium,OPEC,Brent Crude,BZ=F,0.010638235183915379,0.014330406251251038,-0.003692171067335659,0.07534243605379087,0.024683977247083932,0.05065845880670694,0.08568925995431931,0.03776737261722385,0.04792188733709546,0.20992062058915406,0.2460728356661945,0.036152215077040445,1
E002,2021-07-18,2021-07-19,OPEC decision,Oil,Production increase,OPEC+ agrees gradual production increase,bearish,Medium,OPEC,WTI Crude,CL=F,0.015055706527669743,0.014330406251251038,0.0007253002764187055,0.08265591154037266,0.024683977247083932,0.05797193429328873,0.08265591154037266,0.03776737261722385,0.04488853892314881,0.2523842024185701,0.2844122442576191,0.03202804183904895,0
E002,2021-07-18,2021-07-19,OPEC decision,Oil,Production increase,OPEC+ agrees gradual production increase,bearish,Medium,OPEC,Natural Gas,NG=F,0.025668135095447964,0.014330406251251038,0.011337728844196926,0.059274870625273035,0.024683977247083932,0.0345908933781891,0.0854723971666107,0.03776737261722385,0.047705024549386854,0.2614089303025003,0.10654612989386752,-0.15486280040863276,0
E002,2021-07-18,2021-07-19,OPEC decision,Oil,Production increase,OPEC+ agrees gradual production increase,bearish,Medium,OPEC,Shell,SHEL,0.001887332570380984,0.014330406251251038,-0.012443073680870054,0.02723811871791737,0.024683977247083932,0.0025541414708334376,0.0585215234864811,0.03776737261722385,0.02075415086925725,0.3225288217339797,0.3612456680238903,0.03871684628991062,1
E002,2021-07-18,2021-07-19,OPEC decision,Oil,Production increase,OPEC+ agrees gradual production increase,bearish,Medium,OPEC,BP,BP,0.0008659513281701336,0.014330406251251038,-0.013464454923080904,0.023386729600733513,0.024683977247083932,-0.001297247646350419,0.053702766315288475,0.03776737261722385,0.015935393698064626,0.31108968313039737,0.34634489532264534,0.035255212192247976,1
E002,2021-07-18,2021-07-19,OPEC decision,Oil,Production increase,OPEC+ agrees gradual production increase,bearish,Medium,OPEC,ExxonMobil,XOM,0.01102085293971955,0.014330406251251038,-0.003309553311531488,0.031797589700408135,0.024683977247083932,0.007113612453324203,0.05654930472254582,0.03776737261722385,0.018781932105321975,0.2741113003440207,0.28567674472690474,0.011565444382884038,1
E002,2021-07-18,2021-07-19,OPEC decision,Oil,Production increase,OPEC+ agrees gradual production increase,bearish,Medium,OPEC,Chevron,CVX,0.005940009940687663,0.014330406251251038,-0.008390396310563375,0.029804005245996912,0.024683977247083932,0.005120027998912979,0.05200061221517638,0.03776737261722385,0.01423323959795253,0.26036844242885776,0.2764262951861657,0.016057852757307922,1
E002,2021-07-18,2021-07-19,OPEC decision,Oil,Production increase,OPEC+ agrees gradual production increase,bearish,Medium,OPEC,TotalEnergies,TTE,-0.0009686919516356252,0.014330406251251038,-0.015299098202886663,0.023002399411050867,0.024683977247083932,-0.0016815778360330658,0.04818388375988891,0.03776737261722385,0.010416511142665064,0.27704519406840583,0.2717415204614951,-0.005303673606910753,1
E002,2021-07-18,2021-07-19,OPEC decision,Oil,Production increase,OPEC+ agrees gradual production increase,bearish,Medium,OPEC,Energy ETF,XLE,0.013415570075003824,0.014330406251251038,-0.0009148361762472135,0.037052819202985976,0.024683977247083932,0.012368841955902043,0.058773460877197925,0.03776737261722385,0.021006088259974076,0.32231742129259944,0.30432903181439597,-0.01798838947820347,1
E002,2021-07-18,2021-07-19,OPEC decision,Oil,Production increase,OPEC+ agrees gradual production increase,bearish,Medium,OPEC,Oil Services ETF,OIH,0.02296251051485454,0.014330406251251038,0.008632104263603502,0.049724632230604415,0.024683977247083932,0.025040654983520483,0.07411873376505551,0.03776737261722385,0.03635136114783166,0.46240293375768365,0.4571647067063481,-0.005238227051335531,0
E002,2021-07-18,2021-07-19,OPEC decision,Oil,Production increase,OPEC+ agrees gradual production increase,bearish,Medium,OPEC,Airlines ETF,JETS,0.0505331985685642,0.014330406251251038,0.03620279231731316,0.07046826090444958,0.024683977247083932,0.04578428365736564,0.09411231606035986,0.03776737261722385,0.05634494344313601,0.22582009233581876,0.40600997382600534,0.18018988149018658,0
E002,2021-07-18,2021-07-19,OPEC decision,Oil,Production increase,OPEC+ agrees gradual production increase,bearish,Medium,OPEC,Utilities ETF,XLU,0.004293162044686438,0.014330406251251038,-0.0100372442065646,-0.00521329530696002,0.024683977247083932,-0.029897272554043952,0.00781963701986954,0.03776737261722385,-0.029947735597354308,0.16145204265770632,0.1358145497609631,-0.02563749289674322,1
E019,2021-08-29,2021-08-30,Weather disruption,Oil,Hurricane,Hurricane Ida disrupts Gulf production,bullish,High,Public news reports,Brent Crude,BZ=F,-0.00572137007747664,-0.0014815897313412707,-0.004239780346135369,-0.005176472740167415,0.0021228177237408996,-0.0072992904639083145,-0.023430065861594573,-0.00170267295538451,-0.021727392906210063,0.38161857205981836,0.23693907133328918,-0.1446795007265292,0
E019,2021-08-29,2021-08-30,Weather disruption,Oil,Hurricane,Hurricane Ida disrupts Gulf production,bullish,High,Public news reports,WTI Crude,CL=F,-0.010258620052950529,-0.0014815897313412707,-0.008777030321609258,0.01127003019238404,0.0021228177237408996,0.00914721246864314,-0.012425958990432973,-0.00170267295538451,-0.010723286035048463,0.37638481286051007,0.22144264452777335,-0.15494216833273672,0
E019,2021-08-29,2021-08-30,Weather disruption,Oil,Hurricane,Hurricane Ida disrupts Gulf production,bullish,High,Public news reports,Natural Gas,NG=F,0.016724745545615205,-0.0014815897313412707,0.018206335276956476,0.07804877562501389,0.0021228177237408996,0.07592595790127299,0.06109175886903295,-0.00170267295538451,0.06279443182441746,0.4026952468242359,0.4815190636995118,0.0788238168752759,1
E019,2021-08-29,2021-08-30,Weather disruption,Oil,Hurricane,Hurricane Ida disrupts Gulf production,bullish,High,Public news reports,Shell,SHEL,-0.004506623450232228,-0.0014815897313412707,-0.003025033718890957,0.009264114884321106,0.0021228177237408996,0.007141297160580207,0.0037557284086344733,-0.00170267295538451,0.005458401364018983,0.25121998596124206,0.15326510746338443,-0.09795487849785764,0
E019,2021-08-29,2021-08-30,Weather disruption,Oil,Hurricane,Hurricane Ida disrupts Gulf production,bullish,High,Public news reports,BP,BP,-0.009716455512351563,-0.0014815897313412707,-0.008234865781010292,0.005667973162276185,0.0021228177237408996,0.0035451554385352857,-0.004453183776826353,-0.00170267295538451,-0.0027505108214418428,0.36325929435019755,0.20522402154739305,-0.1580352728028045,0
E019,2021-08-29,2021-08-30,Weather disruption,Oil,Hurricane,Hurricane Ida disrupts Gulf production,bullish,High,Public news reports,ExxonMobil,XOM,-0.011602557982905437,-0.0014815897313412707,-0.010120968251564166,-0.0014502583413393833,0.0021228177237408996,-0.003573076065080283,-0.011058578057434931,-0.00170267295538451,-0.009355905102050421,0.2656670221377983,0.24377902527582346,-0.021887996861974846,0
E019,2021-08-29,2021-08-30,Weather disruption,Oil,Hurricane,Hurricane Ida disrupts Gulf production,bullish,High,Public news reports,Chevron,CVX,-0.016465346516982726,-0.0014815897313412707,-0.014983756785641456,-0.00691126173266432,0.0021228177237408996,-0.00903407945640522,-0.01351761485947578,-0.00170267295538451,-0.01181494190409127,0.23390701220494897,0.22694308351990045,-0.006963928685048526,0
E019,2021-08-29,2021-08-30,Weather disruption,Oil,Hurricane,Hurricane Ida disrupts Gulf production,bullish,High,Public news reports,TotalEnergies,TTE,-0.003150753061681777,-0.0014815897313412707,-0.0016691633303405062,0.0051769488053008406,0.0021228177237408996,0.003054131081559941,0.002250586421601586,-0.00170267295538451,0.003953259376986096,0.20947868527253985,0.131227016695047,-0.07825166857749286,0
E019,2021-08-29,2021-08-30,Weather disruption,Oil,Hurricane,Hurricane Ida disrupts Gulf production,bullish,High,Public news reports,Energy ETF,XLE,-0.00677223944311367,-0.0014815897313412707,-0.005290649711772399,0.0034888033948057284,0.0021228177237408996,0.0013659856710648288,-0.008208402313411023,-0.00170267295538451,-0.006505729358026513,0.28777793491794923,0.24607095327628087,-0.04170698164166836,0
E019,2021-08-29,2021-08-30,Weather disruption,Oil,Hurricane,Hurricane Ida disrupts Gulf production,bullish,High,Public news reports,Oil Services ETF,OIH,-0.0020948498781915292,-0.0014815897313412707,-0.0006132601468502585,0.019659482324016153,0.0021228177237408996,0.017536664600275254,0.0009130019562439973,-0.00170267295538451,0.002615674911628507,0.45838369236639487,0.2545552017997684,-0.20382849056662644,0
E019,2021-08-29,2021-08-30,Weather disruption,Oil,Hurricane,Hurricane Ida disrupts Gulf production,bullish,High,Public news reports,Airlines ETF,JETS,0.009666078227657415,-0.0014815897313412707,0.011147667958998686,0.014499074813973944,0.0021228177237408996,0.012376257090233045,0.005711700041549417,-0.00170267295538451,0.007414372996933927,0.29287274244811207,0.13082836362021463,-0.16204437882789743,1
E019,2021-08-29,2021-08-30,Weather disruption,Oil,Hurricane,Hurricane Ida disrupts Gulf production,bullish,High,Public news reports,Utilities ETF,XLU,-0.0011657118147153644,-0.0014815897313412707,0.00031587791662590625,0.021130723659549266,0.0021228177237408996,0.019007905935808367,-0.0007286991205401883,-0.00170267295538451,0.0009739738348443217,0.0985917527477697,0.17745285877138076,0.07886110602361106,1
E011,2022-02-24,2022-02-24,Geopolitical shock,Oil and gas,War,Russia invades Ukraine,bullish,High,Public news reports,Brent Crude,BZ=F,-0.011606797584035378,0.022064070953006887,-0.033670868537042264,0.05944690432779476,0.0039224981371199785,0.05552440619067478,0.11485665162605119,0.017301080773261868,0.09755557085278932,0.29926252991167734,0.6319349383097571,0.33267240839807977,0
E011,2022-02-24,2022-02-24,Geopolitical shock,Oil and gas,War,Russia invades Ukraine,bullish,High,Public news reports,WTI Crude,CL=F,-0.01314514872099748,0.022064070953006887,-0.035209219674004366,0.11421189938964837,0.0039224981371199785,0.1102894012525284,0.16011206767859254,0.017301080773261868,0.14281098690533067,0.287213943756584,0.7683759644505848,0.48116202069400077,0
E011,2022-02-24,2022-02-24,Geopolitical shock,Oil and gas,War,Russia invades Ukraine,bullish,High,Public news reports,Natural Gas,NG=F,-0.021453601801292077,0.022064070953006887,-0.043517672754298964,0.0010945960193282644,0.0039224981371199785,-0.002827902117791714,0.033712847567639814,0.017301080773261868,0.016411766794377947,2.1647601190073527,0.4849422099297867,-1.679817909077566,0
E011,2022-02-24,2022-02-24,Geopolitical shock,Oil and gas,War,Russia invades Ukraine,bullish,High,Public news reports,Shell,SHEL,0.050784955684473276,0.022064070953006887,0.02872088473146639,0.0034889634713188844,0.0039224981371199785,-0.0004335346658010941,-0.004652242231156123,0.017301080773261868,-0.02195332300441799,0.21054521992677494,0.8118194369811463,0.6012742170543715,1
E011,2022-02-24,2022-02-24,Geopolitical shock,Oil and gas,War,Russia invades Ukraine,bullish,High,Public news reports,BP,BP,0.05347962359569003,0.022064070953006887,0.03141555264268314,-0.023311493580442377,0.0039224981371199785,-0.027233991717562356,-0.014741245348359633,0.017301080773261868,-0.0320423261216215,0.21841690634543007,0.8400219278513862,0.6216050215059561,1
E011,2022-02-24,2022-02-24,Geopolitical shock,Oil and gas,War,Russia invades Ukraine,bullish,High,Public news reports,ExxonMobil,XOM,0.02691280872372115,0.022064070953006887,0.004848737770714262,0.04445905339359002,0.0039224981371199785,0.04053655525647004,0.06912915713017953,0.017301080773261868,0.05182807635691766,0.31022503126873346,0.13676036041559148,-0.173464670853142,1
E011,2022-02-24,2022-02-24,Geopolitical shock,Oil and gas,War,Russia invades Ukraine,bullish,High,Public news reports,Chevron,CVX,0.04100839008669954,0.022064070953006887,0.018944319133692655,0.11027064002027043,0.0039224981371199785,0.10634814188315045,0.1584722858539207,0.017301080773261868,0.14117120508065883,0.2523724020686122,0.17855833177147637,-0.07381407029713585,1
E011,2022-02-24,2022-02-24,Geopolitical shock,Oil and gas,War,Russia invades Ukraine,bullish,High,Public news reports,TotalEnergies,TTE,0.028582296822727393,0.022064070953006887,0.0065182258697205064,-0.07314788585551013,0.0039224981371199785,-0.07707038399263011,-0.042309275146795944,0.017301080773261868,-0.05961035592005781,0.20813027642528623,0.9875151878435723,0.779384911418286,1
E011,2022-02-24,2022-02-24,Geopolitical shock,Oil and gas,War,Russia invades Ukraine,bullish,High,Public news reports,Energy ETF,XLE,0.02637456491029333,0.022064070953006887,0.004310493957286443,0.062285938391490436,0.0039224981371199785,0.05836344025437046,0.0895543421781484,0.017301080773261868,0.07225326140488653,0.24221577906577593,0.16499259717155854,-0.0772231818942174,1
E011,2022-02-24,2022-02-24,Geopolitical shock,Oil and gas,War,Russia invades Ukraine,bullish,High,Public news reports,Oil Services ETF,OIH,0.023211608448461485,0.022064070953006887,0.001147537495454598,0.01835833690351052,0.0039224981371199785,0.01443583876639054,0.06879086151581104,0.017301080773261868,0.051489780742549174,0.32141708810680586,0.4478926174631462,0.12647552935634032,1
E011,2022-02-24,2022-02-24,Geopolitical shock,Oil and gas,War,Russia invades Ukraine,bullish,High,Public news reports,Airlines ETF,JETS,0.023299133838610597,0.022064070953006887,0.0012350628856037105,-0.04986023960614394,0.0039224981371199785,-0.05378273774326392,-0.0671015663881136,0.017301080773261868,-0.08440264716137547,0.4139123031537076,0.5114584407561569,0.09754613760244929,1
E011,2022-02-24,2022-02-24,Geopolitical shock,Oil and gas,War,Russia invades Ukraine,bullish,High,Public news reports,Utilities ETF,XLU,0.030968859479874267,0.022064070953006887,0.00890478852686738,0.02730743182684292,0.0039224981371199785,0.023384933689722942,0.05812348202395956,0.017301080773261868,0.04082240125069769,0.16838015776427032,0.23332867697446083,0.06494851921019051,1
E022,2022-03-31,2022-03-31,Government intervention,Oil,SPR release,US announces Strategic Petroleum Reserve release,bearish,High,US government,Brent Crude,BZ=F,-0.032619814224850385,0.0028340719493600286,-0.035453886174210414,-0.011769106008351238,-0.0013507069358267287,-0.010418399072524509,-0.06792699084698928,-0.006354629763332453,-0.061572361083656824,0.8663364012824409,0.4935797350816138,-0.37275666620082715,1
E022,2022-03-31,2022-03-31,Government intervention,Oil,SPR release,US announces Strategic Petroleum Reserve release,bearish,High,US government,WTI Crude,CL=F,-0.010071820388164898,0.0028340719493600286,-0.012905892337524927,0.01675309459140739,-0.0013507069358267287,0.01810380152723412,-0.042381332785550674,-0.006354629763332453,-0.03602670302221822,0.8350386386159216,0.5457267561628384,-0.28931188245308326,1
E022,2022-03-31,2022-03-31,Government intervention,Oil,SPR release,US announces Strategic Petroleum Reserve release,bearish,High,US government,Natural Gas,NG=F,0.013824811961191674,0.0028340719493600286,0.010990740011831646,0.06912439786844837,-0.0013507069358267287,0.0704751048042751,0.12708259170874703,-0.006354629763332453,0.13343722147207948,0.5560980494526903,0.4571616644003321,-0.09893638505235813,0
E022,2022-03-31,2022-03-31,Government intervention,Oil,SPR release,US announces Strategic Petroleum Reserve release,bearish,High,US government,Shell,SHEL,0.014382047487717875,0.0028340719493600286,0.011547975538357846,-0.00036388145022703267,-0.0013507069358267287,0.000986825485599696,0.00892038283705876,-0.006354629763332453,0.015275012600391213,0.45805507466897083,0.17999210334591956,-0.27806297132305124,0
E022,2022-03-31,2022-03-31,Government intervention,Oil,SPR release,US announces Strategic Petroleum Reserve release,bearish,High,US government,BP,BP,0.014966141491190355,0.0028340719493600286,0.012132069541830326,0.01020437387542561,-0.0013507069358267287,0.011555080811252338,0.01564633654426162,-0.006354629763332453,0.022000966307594072,0.39377800154276,0.13368050633952827,-0.2600974952032317,0
E022,2022-03-31,2022-03-31,Government intervention,Oil,SPR release,US announces Strategic Petroleum Reserve release,bearish,High,US government,ExxonMobil,XOM,0.006417148143115892,0.0028340719493600286,0.003583076193755863,0.0016951158740099448,-0.0013507069358267287,0.0030458228098366735,0.029785775221999655,-0.006354629763332453,0.03614040498533211,0.4614538425606675,0.13676006303002167,-0.3246937795306458,0
E022,2022-03-31,2022-03-31,Government intervention,Oil,SPR release,US announces Strategic Petroleum Reserve release,bearish,High,US government,Chevron,CVX,0.00853618868015471,0.0028340719493600286,0.005702116730794682,0.0032548217349861464,-0.0013507069358267287,0.004605528670812875,0.026223481693071538,-0.006354629763332453,0.03257811145640399,0.35570119856870874,0.12482285692647886,-0.23087834164222987,0
E022,2022-03-31,2022-03-31,Government intervention,Oil,SPR release,US announces Strategic Petroleum Reserve release,bearish,High,US government,TotalEnergies,TTE,0.03284534998117117,0.0028340719493600286,0.03001127803181114,-0.006925410385189568,-0.0013507069358267287,-0.005574703449362839,-0.019786438963479758,-0.006354629763332453,-0.013431809200147304,0.28547823812976714,0.3841883073402239,0.09871006921045677,0
E022,2022-03-31,2022-03-31,Government intervention,Oil,SPR release,US announces Strategic Petroleum Reserve release,bearish,High,US government,Energy ETF,XLE,0.00811080385214602,0.0028340719493600286,0.005276731902785992,-0.006410681276292629,-0.0013507069358267287,-0.0050599743404659,0.012558790893367089,-0.006354629763332453,0.018913420656699542,0.35713177837886106,0.1752247983782408,-0.18190698000062028,0
E022,2022-03-31,2022-03-31,Government intervention,Oil,SPR release,US announces Strategic Petroleum Reserve release,bearish,High,US government,Oil Services ETF,OIH,0.021447502168947308,0.0028340719493600286,0.01861343021958728,-0.010369814274229672,-0.0013507069358267287,-0.009019107338402943,-0.006476681705390619,-0.006354629763332453,-0.00012205194205816561,0.5524054412776268,0.3116415635555614,-0.24076387772206542,0
E022,2022-03-31,2022-03-31,Government intervention,Oil,SPR release,US announces Strategic Petroleum Reserve release,bearish,High,US government,Airlines ETF,JETS,-0.0013786889384890255,0.0028340719493600286,-0.004212760887849054,-0.012867645596789545,-0.0013507069358267287,-0.011516938660962817,-0.05928309412404209,-0.006354629763332453,-0.05292846436070964,0.6385725749846954,0.2120632843453003,-0.42650929063939513,1
E022,2022-03-31,2022-03-31,Government intervention,Oil,SPR release,US announces Strategic Petroleum Reserve release,bearish,High,US government,Utilities ETF,XLU,0.013967060367423567,0.0028340719493600286,0.011132988418063539,0.012490012626789282,-0.0013507069358267287,0.01384071956261601,0.0300834011197042,-0.006354629763332453,0.036438030883036654,0.1482644254646525,0.18023165911634056,0.031967233651688076,0
E006,2022-04-06,2022-04-06,Inventory announcement,Oil,EIA inventories,US crude inventories rise sharply,bearish,Medium,US EIA,Brent Crude,BZ=F,-0.004848103940329085,0.0050389974141720195,-0.009887101354501104,-0.025625767742267658,-0.014780856328327041,-0.010844911413940617,0.07628375490009498,-0.007188978333643514,0.0834727332337385,0.8242198319905866,0.6416439192408455,-0.18257591274974105,1
E006,2022-04-06,2022-04-06,Inventory announcement,Oil,EIA inventories,US crude inventories rise sharply,bearish,Medium,US EIA,WTI Crude,CL=F,-0.0020784014409193086,0.0050389974141720195,-0.007117398855091328,-0.02016005792092146,-0.014780856328327041,-0.005379201592594418,0.0833419553496102,-0.007188978333643514,0.09053093368325371,0.8094100060944436,0.6429427366788454,-0.1664672694155982,1
E006,2022-04-06,2022-04-06,Inventory announcement,Oil,EIA inventories,US crude inventories rise sharply,bearish,Medium,US EIA,Natural Gas,NG=F,0.05473551354983952,0.0050389974141720195,0.0496965161356675,0.10184115777869018,-0.014780856328327041,0.11662201410701722,0.16055737986791718,-0.007188978333643514,0.1677463582015607,0.4393240040927915,0.5100715788047523,0.0707475747119608,0
E006,2022-04-06,2022-04-06,Inventory announcement,Oil,EIA inventories,US crude inventories rise sharply,bearish,Medium,US EIA,Shell,SHEL,0.002169983742628334,0.0050389974141720195,-0.0028690136715436854,0.0003617725241462644,-0.014780856328327041,0.015142628852473305,0.03146484569339236,-0.007188978333643514,0.03865382402703588,0.339823293039889,0.20088447049842742,-0.1389388225414616,1
E006,2022-04-06,2022-04-06,Inventory announcement,Oil,EIA inventories,US crude inventories rise sharply,bearish,Medium,US EIA,BP,BP,0.00912458818895212,0.0050389974141720195,0.004085590774780101,0.012841998204401461,-0.014780856328327041,0.027622854532728502,0.05474800872732488,-0.007188978333643514,0.061936987060968396,0.31495679854059216,0.2544263166831312,-0.06053048185746096,0
E006,2022-04-06,2022-04-06,Inventory announcement,Oil,EIA inventories,US crude inventories rise sharply,bearish,Medium,US EIA,ExxonMobil,XOM,0.016736782626894264,0.0050389974141720195,0.011697785212722245,0.0023910592719251778,-0.014780856328327041,0.01717191560025222,0.03777652352838157,-0.007188978333643514,0.04496550186202508,0.42298040431698253,0.37647310456880245,-0.046507299748180075,0
E006,2022-04-06,2022-04-06,Inventory announcement,Oil,EIA inventories,US crude inventories rise sharply,bearish,Medium,US EIA,Chevron,CVX,0.013894809281434606,0.0050389974141720195,0.008855811867262586,0.004550592008166765,-0.014780856328327041,0.019331448336493806,0.041623422656558606,-0.007188978333643514,0.04881240099020212,0.2934140207444664,0.3048907123425978,0.011476691598131417,0
E006,2022-04-06,2022-04-06,Inventory announcement,Oil,EIA inventories,US crude inventories rise sharply,bearish,Medium,US EIA,TotalEnergies,TTE,0.0010099186428556006,0.0050389974141720195,-0.004029078771316419,0.01919543924233391,-0.014780856328327041,0.03397629557066095,0.03131911964198619,-0.007188978333643514,0.03850809797562971,0.2686776811192888,0.2183740747812407,-0.05030360633804809,1
E006,2022-04-06,2022-04-06,Inventory announcement,Oil,EIA inventories,US crude inventories rise sharply,bearish,Medium,US EIA,Energy ETF,XLE,0.01308905007375527,0.0050389974141720195,0.008050052659583251,0.009685751233633688,-0.014780856328327041,0.02446660756196073,0.041753860262334186,-0.007188978333643514,0.0489428385959777,0.34720364250587404,0.3528022278011873,0.005598585295313263,0
E006,2022-04-06,2022-04-06,Inventory announcement,Oil,EIA inventories,US crude inventories rise sharply,bearish,Medium,US EIA,Oil Services ETF,OIH,0.006850578331563106,0.0050389974141720195,0.0018115809173910868,0.018865841841588127,-0.014780856328327041,0.03364669816991517,0.06768047696372959,-0.007188978333643514,0.0748694552973731,0.47439982679935294,0.4113623226204817,-0.06303750417887122,0
E006,2022-04-06,2022-04-06,Inventory announcement,Oil,EIA inventories,US crude inventories rise sharply,bearish,Medium,US EIA,Airlines ETF,JETS,-0.013969143909192794,0.0050389974141720195,-0.019008141323364813,-0.017822774313774437,-0.014780856328327041,-0.0030419179854473954,0.04287095511455674,-0.007188978333643514,0.050059933448200256,0.37872674836500414,0.44248113555657204,0.0637543871915679,1
E006,2022-04-06,2022-04-06,Inventory announcement,Oil,EIA inventories,US crude inventories rise sharply,bearish,Medium,US EIA,Utilities ETF,XLU,-0.0024709326103646845,0.0050389974141720195,-0.007509930024536704,-0.012745594127797744,-0.014780856328327041,0.0020352622005292975,-0.010924408145582043,-0.007188978333643514,-0.0037354298119385287,0.11312420230730925,0.11184851960098546,-0.0012756827063237913,1
E017,2022-06-08,2022-06-08,Supply disruption,Natural gas,LNG outage,Freeport LNG export terminal outage,bearish,High,Public news reports,Brent Crude,BZ=F,-0.004126898597458295,-0.02378296069888841,0.019656062101430116,-0.010600462603805316,-0.08807939589274816,0.07747893328894284,-0.041026052918783584,-0.07786595192897328,0.03683989901018969,0.3964803268193672,0.14046803801399904,-0.25601228880536814,0
E017,2022-06-08,2022-06-08,Supply disruption,Natural gas,LNG outage,Freeport LNG export terminal outage,bearish,High,Public news reports,WTI Crude,CL=F,-0.004913589969061327,-0.02378296069888841,0.018869370729827084,-0.009663420680351309,-0.08807939589274816,0.07841597521239685,-0.05568751959519158,-0.07786595192897328,0.022178432333781695,0.3704598548068621,0.1999752420002312,-0.1704846128066309,0
E017,2022-06-08,2022-06-08,Supply disruption,Natural gas,LNG outage,Freeport LNG export terminal outage,bearish,High,Public news reports,Natural Gas,NG=F,0.030348307631049565,-0.02378296069888841,0.054131268329937976,-0.01034603389791855,-0.08807939589274816,0.07773336199482961,-0.1470284204582044,-0.07786595192897328,-0.06916246852923114,0.6298343704780335,1.280101265131039,0.6502668946530056,0
E017,2022-06-08,2022-06-08,Supply disruption,Natural gas,LNG outage,Freeport LNG export terminal outage,bearish,High,Public news reports,Shell,SHEL,-0.028715973707877374,-0.02378296069888841,-0.004933013008988962,-0.08761634787262762,-0.08807939589274816,0.0004630480201205378,-0.10327949368995315,-0.07786595192897328,-0.025413541760979874,0.19979746195400108,0.21929264365822582,0.019495181704224734,1
E017,2022-06-08,2022-06-08,Supply disruption,Natural gas,LNG outage,Freeport LNG export terminal outage,bearish,High,Public news reports,BP,BP,-0.017584905153236186,-0.02378296069888841,0.006198055545652226,-0.08499408536222464,-0.08807939589274816,0.0030853105305235218,-0.0908555832781821,-0.07786595192897328,-0.01298963134920883,0.19399670711663766,0.271541629338373,0.07754492222173534,0
E017,2022-06-08,2022-06-08,Supply disruption,Natural gas,LNG outage,Freeport LNG export terminal outage,bearish,High,Public news reports,ExxonMobil,XOM,-0.021608045147921584,-0.02378296069888841,0.002174915550966827,-0.08356430046533803,-0.08807939589274816,0.004515095427410132,-0.09274291844011218,-0.07786595192897328,-0.0148769665111389,0.2332869384200298,0.27929941004799,0.04601247162796024,0
E017,2022-06-08,2022-06-08,Supply disruption,Natural gas,LNG outage,Freeport LNG export terminal outage,bearish,High,Public news reports,Chevron,CVX,-0.019930437796289224,-0.02378296069888841,0.003852522902599187,-0.07618828829943924,-0.08807939589274816,0.011891107593308914,-0.09313750293968392,-0.07786595192897328,-0.015271551010710649,0.21719581245499187,0.2741457567223542,0.05694994426736233,0
E017,2022-06-08,2022-06-08,Supply disruption,Natural gas,LNG outage,Freeport LNG export terminal outage,bearish,High,Public news reports,TotalEnergies,TTE,-0.032543124769360054,-0.02378296069888841,-0.008760164070471643,-0.08781718395452365,-0.08807939589274816,0.0002622119382245103,-0.08487347188743988,-0.07786595192897328,-0.0070075199584666015,0.24040289396899034,0.2831537365054044,0.042750842536414035,1
E017,2022-06-08,2022-06-08,Supply disruption,Natural gas,LNG outage,Freeport LNG export terminal outage,bearish,High,Public news reports,Energy ETF,XLE,-0.022106709364542065,-0.02378296069888841,0.0016762513343463459,-0.08886001865908144,-0.08807939589274816,-0.0007806227663332832,-0.10728214870906538,-0.07786595192897328,-0.029416196780092108,0.2373354995986295,0.30822465415054767,0.07088915455191816,0
E017,2022-06-08,2022-06-08,Supply disruption,Natural gas,LNG outage,Freeport LNG export terminal outage,bearish,High,Public news reports,Oil Services ETF,OIH,-0.03470905981963446,-0.02378296069888841,-0.010926099120746047,-0.1280277877159356,-0.08807939589274816,-0.039948391823187435,-0.16383053223482402,-0.07786595192897328,-0.08596458030585075,0.3441598996709573,0.3113088369991359,-0.03285106267182136,1
E017,2022-06-08,2022-06-08,Supply disruption,Natural gas,LNG outage,Freeport LNG export terminal outage,bearish,High,Public news reports,Airlines ETF,JETS,-0.03421857444785781,-0.02378296069888841,-0.010435613748969397,-0.13381001673515247,-0.08807939589274816,-0.04573062084240431,-0.12921344783425126,-0.07786595192897328,-0.051347495905277984,0.45448781222812623,0.5007261488349662,0.046238336606840014,1
E017,2022-06-08,2022-06-08,Supply disruption,Natural gas,LNG outage,Freeport LNG export terminal outage,bearish,High,Public news reports,Utilities ETF,XLU,-0.024029630481063657,-0.02378296069888841,-0.00024666978217524616,-0.07602523859923793,-0.08807939589274816,0.012054157293510226,-0.09353812058502053,-0.07786595192897328,-0.01567216865604726,0.1484866196670776,0.3145096413364126,0.16602302166933502,1
E026,2022-07-11,2022-07-11,Natural gas,Natural gas,Pipeline maintenance,Nord Stream maintenance begins,bullish,Medium,Public news reports,Brent Crude,BZ=F,-0.07105509541338029,-0.008848965066571735,-0.06220613034680855,-0.0746965463489998,-0.016448383536819322,-0.05824816281218048,-0.007749783780391373,-0.005933859076314163,-0.0018159247040772097,0.4556349647968471,0.7122696501623212,0.2566346853654741,0
E026,2022-07-11,2022-07-11,Natural gas,Natural gas,Pipeline maintenance,Nord Stream maintenance begins,bullish,Medium,Public news reports,WTI Crude,CL=F,-0.07925833692240081,-0.008848965066571735,-0.07040937185582907,-0.07983473773616379,-0.016448383536819322,-0.06338635419934446,-0.014314515478824563,-0.005933859076314163,-0.0083806564025104,0.5217389595427657,0.7657777402732435,0.2440387807304778,0
E026,2022-07-11,2022-07-11,Natural gas,Natural gas,Pipeline maintenance,Nord Stream maintenance begins,bullish,Medium,Public news reports,Natural Gas,NG=F,-0.04092748313168182,-0.008848965066571735,-0.032078518065110084,0.02707746392388599,-0.016448383536819322,0.043525847460705314,0.1638655390474788,-0.005933859076314163,0.16979939812379297,1.1211001224937875,0.8815481665637395,-0.23955195593004808,0
E026,2022-07-11,2022-07-11,Natural gas,Natural gas,Pipeline maintenance,Nord Stream maintenance begins,bullish,Medium,Public news reports,Shell,SHEL,-0.013446312688206952,-0.008848965066571735,-0.004597347621635217,-0.04551063231073238,-0.016448383536819322,-0.029062248773913057,0.00455136799162692,-0.005933859076314163,0.010485227067941083,0.47148424617363016,0.4134733220310299,-0.058010924142600284,0
E026,2022-07-11,2022-07-11,Natural gas,Natural gas,Pipeline maintenance,Nord Stream maintenance begins,bullish,Medium,Public news reports,BP,BP,-0.02112141291637648,-0.008848965066571735,-0.012272447849804746,-0.05243978129785709,-0.016448383536819322,-0.03599139776103777,-0.004734002560186745,-0.005933859076314163,0.0011998565161274177,0.4680662478049037,0.43816711721311363,-0.029899130591790057,0
E026,2022-07-11,2022-07-11,Natural gas,Natural gas,Pipeline maintenance,Nord Stream maintenance begins,bullish,Medium,Public news reports,ExxonMobil,XOM,-0.013311443915039245,-0.008848965066571735,-0.00446247884846751,-0.029191970320703864,-0.016448383536819322,-0.012743586783884542,0.005371180712206991,-0.005933859076314163,0.011305039788521154,0.5040396058143074,0.2763060549714689,-0.22773355084283853,0
E026,2022-07-11,2022-07-11,Natural gas,Natural gas,Pipeline maintenance,Nord Stream maintenance begins,bullish,Medium,Public news reports,Chevron,CVX,-0.01830246082697451,-0.008848965066571735,-0.009453495760402775,-0.03936105141429491,-0.016448383536819322,-0.02291266787747559,-0.013638631216643882,-0.005933859076314163,-0.007704772140329719,0.4194888216986777,0.24077413644717433,-0.17871468525150336,0
E026,2022-07-11,2022-07-11,Natural gas,Natural gas,Pipeline maintenance,Nord Stream maintenance begins,bullish,Medium,Public news reports,TotalEnergies,TTE,-0.022244656315361322,-0.008848965066571735,-0.013395691248789587,-0.06370076363283483,-0.016448383536819322,-0.04725238009601551,-0.005662328456858767,-0.005933859076314163,0.0002715306194553957,0.40926488157026497,0.5921397128853237,0.18287483131505877,0
E026,2022-07-11,2022-07-11,Natural gas,Natural gas,Pipeline maintenance,Nord Stream maintenance begins,bullish,Medium,Public news reports,Energy ETF,XLE,-0.019496386889624295,-0.008848965066571735,-0.01064742182305256,-0.039562171205960395,-0.016448383536819322,-0.023113787669141073,-0.0015655318453180467,-0.005933859076314163,0.004368327230996116,0.5115856921082457,0.31039413546137723,-0.20119155664686844,0
E026,2022-07-11,2022-07-11,Natural gas,Natural gas,Pipeline maintenance,Nord Stream maintenance begins,bullish,Medium,Public news reports,Oil Services ETF,OIH,-0.03591631690972363,-0.008848965066571735,-0.0270673518431519,-0.07546576159079799,-0.016448383536819322,-0.059017378053978664,-0.01683147903555915,-0.005933859076314163,-0.010897619959244986,0.6115524966110921,0.5355699561800212,-0.07598254043107089,0
E026,2022-07-11,2022-07-11,Natural gas,Natural gas,Pipeline maintenance,Nord Stream maintenance begins,bullish,Medium,Public news reports,Airlines ETF,JETS,0.03892940111501897,-0.008848965066571735,0.047778366181590703,0.023114251495829352,-0.016448383536819322,0.039562635032648674,0.046228736929733616,-0.005933859076314163,0.05216259600604778,0.44573486533290746,0.30599393507793504,-0.13974093025497242,1
E026,2022-07-11,2022-07-11,Natural gas,Natural gas,Pipeline maintenance,Nord Stream maintenance begins,bullish,Medium,Public news reports,Utilities ETF,XLU,-0.004839600389539456,-0.008848965066571735,0.004009364677032279,-0.008966927427307203,-0.016448383536819322,0.007481456109512119,-0.02092221821887441,-0.005933859076314163,-0.014988359142560248,0.3094499107681009,0.09689811385878155,-0.21255179690931936,1
E016,2022-09-02,2022-09-02,Supply disruption,Natural gas,Pipeline,Nord Stream 1 remains shut,bullish,High,Public news reports,Brent Crude,BZ=F,-0.0020425157908869895,-0.00377329004429916,0.0017307742534121706,-0.04160390514780743,0.020752520697610466,-0.062356425845417895,0.010535405206409942,0.04775117757313718,-0.03721577236672724,0.42778084147960493,0.5452074090332535,0.11742656755364855,1
E016,2022-09-02,2022-09-02,Supply disruption,Natural gas,Pipeline,Nord Stream 1 remains shut,bullish,High,Public news reports,WTI Crude,CL=F,0.00011505130102373862,-0.00377329004429916,0.0038883413453228988,-0.03833316134188458,0.020752520697610466,-0.05908568203949505,0.010475377045508827,0.04775117757313718,-0.037275800527628355,0.42627919118005897,0.5736648889433186,0.1473856977632596,1
E016,2022-09-02,2022-09-02,Supply disruption,Natural gas,Pipeline,Nord Stream 1 remains shut,bullish,High,Public news reports,Natural Gas,NG=F,-0.07295695147256709,-0.00377329004429916,-0.06918366142826793,-0.0991350176368958,0.020752520697610466,-0.11988753833450627,-0.0611200365057748,0.04775117757313718,-0.10887121407891198,0.5570820335232128,0.6736640253693277,0.11658199184611484,0
E016,2022-09-02,2022-09-02,Supply disruption,Natural gas,Pipeline,Nord Stream 1 remains shut,bullish,High,Public news reports,Shell,SHEL,-0.008078134968118267,-0.00377329004429916,-0.004304844923819107,-0.020101251053746494,0.020752520697610466,-0.04085377175135696,0.013902018748650491,0.04775117757313718,-0.03384915882448669,0.2706304533408667,0.2522005004912843,-0.01842995284958243,0
E016,2022-09-02,2022-09-02,Supply disruption,Natural gas,Pipeline,Nord Stream 1 remains shut,bullish,High,Public news reports,BP,BP,0.0,-0.00377329004429916,0.00377329004429916,-0.013812915911971091,0.020752520697610466,-0.03456543660958156,0.032123403998043365,0.04775117757313718,-0.015627773575093817,0.2654772451522955,0.27982530785961846,0.014348062707322973,1
E016,2022-09-02,2022-09-02,Supply disruption,Natural gas,Pipeline,Nord Stream 1 remains shut,bullish,High,Public news reports,ExxonMobil,XOM,-0.00669544321669846,-0.00377329004429916,-0.0029221531723993,-0.007113738911706191,0.020752520697610466,-0.027866259609316657,0.021131662073128332,0.04775117757313718,-0.02661951550000885,0.2962581775750155,0.17880827689472376,-0.11744990068029174,0
E016,2022-09-02,2022-09-02,Supply disruption,Natural gas,Pipeline,Nord Stream 1 remains shut,bullish,High,Public news reports,Chevron,CVX,-0.004624434838527591,-0.00377329004429916,-0.0008511447942284311,-0.012036547324366542,0.020752520697610466,-0.03278906802197701,0.029458603656916882,0.04775117757313718,-0.0182925739162203,0.23613463843639085,0.2451391722135519,0.009004533777161039,0
E016,2022-09-02,2022-09-02,Supply disruption,Natural gas,Pipeline,Nord Stream 1 remains shut,bullish,High,Public news reports,TotalEnergies,TTE,-0.001770333111944522,-0.00377329004429916,0.002002956932354638,-0.02852091424586989,0.020752520697610466,-0.049273434943480354,0.001573349626752707,0.04775117757313718,-0.046177827946384475,0.3389811607773726,0.28267873414214667,-0.056302426635225944,1
E016,2022-09-02,2022-09-02,Supply disruption,Natural gas,Pipeline,Nord Stream 1 remains shut,bullish,High,Public news reports,Energy ETF,XLE,-0.009254678625401636,-0.00377329004429916,-0.005481388581102475,-0.016508106263901423,0.020752520697610466,-0.03726062696151189,0.02651326767839146,0.04775117757313718,-0.02123790989474572,0.2927973490700822,0.25774779111124624,-0.035049557958835964,0
E016,2022-09-02,2022-09-02,Supply disruption,Natural gas,Pipeline,Nord Stream 1 remains shut,bullish,High,Public news reports,Oil Services ETF,OIH,-0.013947658564250731,-0.00377329004429916,-0.010174368519951571,-0.02349518018474206,0.020752520697610466,-0.044247700882352525,0.03877130910997395,0.04775117757313718,-0.008979868463163232,0.43776730777159706,0.40823088170093225,-0.029536426070664812,0
E016,2022-09-02,2022-09-02,Supply disruption,Natural gas,Pipeline,Nord Stream 1 remains shut,bullish,High,Public news reports,Airlines ETF,JETS,0.005287944586796822,-0.00377329004429916,0.009061234631095982,0.03466511322537502,0.020752520697610466,0.013912592527764556,0.06521741832202799,0.04775117757313718,0.017466240748890804,0.27774678588372903,0.23953330624129981,-0.038213479642429216,1
E016,2022-09-02,2022-09-02,Supply disruption,Natural gas,Pipeline,Nord Stream 1 remains shut,bullish,High,Public news reports,Utilities ETF,XLU,0.0025469829995403703,-0.00377329004429916,0.0063202730438395305,0.03310997145344041,0.020752520697610466,0.012357450755829946,0.047184711641678145,0.04775117757313718,-0.000566465931459037,0.14055649842982607,0.20368431441735266,0.06312781598752659,1
E027,2022-09-26,2022-09-26,Natural gas,Natural gas,Pipeline damage,Nord Stream explosions reported,bullish,High,Public news reports,Brent Crude,BZ=F,0.02629073457838471,-0.0025526144496073044,0.028843349027992016,0.052700457219117425,-0.00417215696449047,0.056872614183607895,0.05710210791300563,0.0063133291112458245,0.050788778801759804,0.4544514641366659,0.3102070100900293,-0.14424445404663655,1
E027,2022-09-26,2022-09-26,Natural gas,Natural gas,Pipeline damage,Nord Stream explosions reported,bullish,High,Public news reports,WTI Crude,CL=F,0.023334649157747966,-0.0025526144496073044,0.02588726360735527,0.058923273711469326,-0.00417215696449047,0.0630954306759598,0.0902098585782154,0.0063133291112458245,0.08389652946696957,0.46277448733610616,0.5270113959159178,0.06423690857981168,1
E027,2022-09-26,2022-09-26,Natural gas,Natural gas,Pipeline damage,Nord Stream explosions reported,bullish,High,Public news reports,Natural Gas,NG=F,-0.03650584666055112,-0.0025526144496073044,-0.03395323221094382,-0.004201043888637179,-0.00417215696449047,-2.8886924146709347e-05,-0.06272636468130721,0.0063133291112458245,-0.06903969379255304,0.7203479254883812,0.4878868811788567,-0.23246104430952452,0
E027,2022-09-26,2022-09-26,Natural gas,Natural gas,Pipeline damage,Nord Stream explosions reported,bullish,High,Public news reports,Shell,SHEL,0.027136751147403437,-0.0025526144496073044,0.029689365597010742,0.07008546976241758,-0.00417215696449047,0.07425762672690805,0.11816260090541197,0.0063133291112458245,0.11184927179416615,0.36179354395566965,0.35192846527050037,-0.009865078685169282,1
E027,2022-09-26,2022-09-26,Natural gas,Natural gas,Pipeline damage,Nord Stream explosions reported,bullish,High,Public news reports,BP,BP,0.010638147182368218,-0.0025526144496073044,0.013190761631975523,0.054658791910696,-0.00417215696449047,0.05883094887518647,0.10418184759105387,0.0063133291112458245,0.09786851847980804,0.3848753295799101,0.39251802785534723,0.007642698275437121,1
E027,2022-09-26,2022-09-26,Natural gas,Natural gas,Pipeline damage,Nord Stream explosions reported,bullish,High,Public news reports,ExxonMobil,XOM,0.020957376463486943,-0.0025526144496073044,0.023509990913094247,0.055965708375068424,-0.00417215696449047,0.060137865339558894,0.09454625605239242,0.0063133291112458245,0.0882329269411466,0.3241392580839133,0.44024041559760657,0.11610115751369326,1
E027,2022-09-26,2022-09-26,Natural gas,Natural gas,Pipeline damage,Nord Stream explosions reported,bullish,High,Public news reports,Chevron,CVX,0.0004255029670148236,-0.0025526144496073044,0.002978117416622128,0.027028863904556166,-0.00417215696449047,0.031201020869046636,0.07640423071881752,0.0063133291112458245,0.0700909016075717,0.3264903819615785,0.45213048210846973,0.12564010014689125,1
E027,2022-09-26,2022-09-26,Natural gas,Natural gas,Pipeline damage,Nord Stream explosions reported,bullish,High,Public news reports,TotalEnergies,TTE,0.014489434114317579,-0.0025526144496073044,0.017042048563924883,0.03990198035749759,-0.00417215696449047,0.04407413732198806,0.0974141350746538,0.0063133291112458245,0.09110080596340797,0.3619431233419848,0.3673064070337446,0.0053632836917598126,1
E027,2022-09-26,2022-09-26,Natural gas,Natural gas,Pipeline damage,Nord Stream explosions reported,bullish,High,Public news reports,Energy ETF,XLE,0.011199978159271984,-0.0025526144496073044,0.013752592608879288,0.05600007951232766,-0.00417215696449047,0.06017223647681813,0.10676354254091969,0.0063133291112458245,0.10045021342967386,0.3658468001526423,0.44769507135348685,0.08184827120084454,1
E027,2022-09-26,2022-09-26,Natural gas,Natural gas,Pipeline damage,Nord Stream explosions reported,bullish,High,Public news reports,Oil Services ETF,OIH,0.020426688095803947,-0.0025526144496073044,0.02297930254541125,0.06721676829990342,-0.00417215696449047,0.07138892526439389,0.1384584414385941,0.0063133291112458245,0.13214511232734827,0.5248333403441183,0.5098838247220542,-0.014949515622064147,1
E027,2022-09-26,2022-09-26,Natural gas,Natural gas,Pipeline damage,Nord Stream explosions reported,bullish,High,Public news reports,Airlines ETF,JETS,0.015925761318573706,-0.0025526144496073044,0.01847837576818101,0.009290043386159574,-0.00417215696449047,0.013462200350650044,0.011280707724844463,0.0063133291112458245,0.004967378613598639,0.3585095998440408,0.38885129745986513,0.030341697615824337,1
E027,2022-09-26,2022-09-26,Natural gas,Natural gas,Pipeline damage,Nord Stream explosions reported,bullish,High,Public news reports,Utilities ETF,XLU,-0.016849970973054518,-0.0025526144496073044,-0.014297356523447213,-0.04612299856891544,-0.00417215696449047,-0.04195084160442497,-0.0371267205605984,0.0063133291112458245,-0.04344004967184423,0.22657303427117376,0.43304905653828535,0.2064760222671116,0
E020,2022-09-28,2022-09-28,Weather disruption,Oil,Hurricane,Hurricane Ian impacts US energy infrastructure,bullish,Medium,Public news reports,Brent Crude,BZ=F,-0.009292452237914417,-0.020889169674434216,0.011596717436519799,-0.005150012159027217,-0.010579703987386502,0.005429691828359284,0.04534262276752443,0.017704372798364787,0.027638249969159645,0.4314502045601336,0.27570760259033467,-0.15574260196979894,1
E020,2022-09-28,2022-09-28,Weather disruption,Oil,Hurricane,Hurricane Ian impacts US energy infrastructure,bullish,Medium,Public news reports,WTI Crude,CL=F,-0.01119900367446125,-0.020889169674434216,0.009690165999972966,0.01801577236821883,-0.010579703987386502,0.02859547635560533,0.06828972009920542,0.017704372798364787,0.05058534730084063,0.44032613074626453,0.48683346769085434,0.046507336944589805,1
E020,2022-09-28,2022-09-28,Weather disruption,Oil,Hurricane,Hurricane Ian impacts US energy infrastructure,bullish,Medium,Public news reports,Natural Gas,NG=F,0.0008736228792967093,-0.020889169674434216,0.021762792553730925,-0.057949947372952226,-0.010579703987386502,-0.047370243385565725,0.009027343847634262,0.017704372798364787,-0.008677028950730525,0.7261525408369113,0.5905932315006556,-0.1355593093362557,1
E020,2022-09-28,2022-09-28,Weather disruption,Oil,Hurricane,Hurricane Ian impacts US energy infrastructure,bullish,Medium,Public news reports,Shell,SHEL,0.009473866995750146,-0.020889169674434216,0.030363036670184362,0.05482782129227548,-0.010579703987386502,0.06540752527966198,0.08889327262737035,0.017704372798364787,0.07118889982900556,0.3804950077040246,0.3544910021076102,-0.026004005596414415,1
E020,2022-09-28,2022-09-28,Weather disruption,Oil,Hurricane,Hurricane Ian impacts US energy infrastructure,bullish,Medium,Public news reports,BP,BP,0.006652535601169074,-0.020889169674434216,0.02754170527560329,0.053921386867306076,-0.010579703987386502,0.06450109085469258,0.09873921448395895,0.017704372798364787,0.08103484168559416,0.39591622202547144,0.4146515076582728,0.018735285632801357,1
E020,2022-09-28,2022-09-28,Weather disruption,Oil,Hurricane,Hurricane Ian impacts US energy infrastructure,bullish,Medium,Public news reports,ExxonMobil,XOM,-0.0020256224857808647,-0.020889169674434216,0.01886354718865335,0.03443616575891806,-0.010579703987386502,0.04501586974630456,0.11546271844197542,0.017704372798364787,0.09775834564361063,0.3248476650527316,0.46789290372004927,0.14304523866731766,1
E020,2022-09-28,2022-09-28,Weather disruption,Oil,Hurricane,Hurricane Ian impacts US energy infrastructure,bullish,Medium,Public news reports,Chevron,CVX,-0.006928119253924114,-0.020889169674434216,0.013961050420510102,0.04081473404656766,-0.010579703987386502,0.05139443803395416,0.08746075400830033,0.017704372798364787,0.06975638120993555,0.331063953908165,0.4568334756489081,0.12576952174074307,1
E020,2022-09-28,2022-09-28,Weather disruption,Oil,Hurricane,Hurricane Ian impacts US energy infrastructure,bullish,Medium,Public news reports,TotalEnergies,TTE,0.009303484283573304,-0.020889169674434216,0.03019265395800752,0.06512337812080427,-0.010579703987386502,0.07570308210819077,0.10926008542764776,0.017704372798364787,0.09155571262928297,0.36371593452045387,0.44734276415197355,0.08362682963151968,1
E020,2022-09-28,2022-09-28,Weather disruption,Oil,Hurricane,Hurricane Ian impacts US energy infrastructure,bullish,Medium,Public news reports,Energy ETF,XLE,0.0,-0.020889169674434216,0.020889169674434216,0.04807145758174092,-0.010579703987386502,0.05865116156912742,0.11570241829248529,0.017704372798364787,0.0979980454941205,0.3674236347946102,0.43584779517004657,0.06842416037543636,1
E020,2022-09-28,2022-09-28,Weather disruption,Oil,Hurricane,Hurricane Ian impacts US energy infrastructure,bullish,Medium,Public news reports,Oil Services ETF,OIH,-0.0005654097561136329,-0.020889169674434216,0.020323759918320583,0.06615148836298301,-0.010579703987386502,0.07673119235036951,0.15614402630023405,0.017704372798364787,0.13843965350186926,0.5279027248724099,0.507827318798864,-0.020075406073545854,1
E020,2022-09-28,2022-09-28,Weather disruption,Oil,Hurricane,Hurricane Ian impacts US energy infrastructure,bullish,Medium,Public news reports,Airlines ETF,JETS,-0.032442735952341595,-0.020889169674434216,-0.011553566277907379,-0.030534382893875778,-0.010579703987386502,-0.019954678906489276,0.029262065970629525,0.017704372798364787,0.011557693172264738,0.36218680550694843,0.6325343549399082,0.27034754943295974,0
E020,2022-09-28,2022-09-28,Weather disruption,Oil,Hurricane,Hurricane Ian impacts US energy infrastructure,bullish,Medium,Public news reports,Utilities ETF,XLU,-0.04009186928005026,-0.020889169674434216,-0.019202699605616047,-0.031038710022153526,-0.010579703987386502,-0.020459006034767024,-0.03247589490861902,0.017704372798364787,-0.050180267706983805,0.23817885395994448,0.4755190785442861,0.23734022458434162,0
E003,2022-10-05,2022-10-05,OPEC decision,Oil,Production cut,OPEC+ announces major production cut,bullish,High,OPEC,Brent Crude,BZ=F,0.011245532735102204,-0.010315730707086357,0.02156126344218856,0.03020241632077547,-0.04526774654034371,0.07547016286111918,-0.009853333739711423,-0.05444335960334212,0.0445900258636307,0.41005520311773563,0.4022848049348728,-0.007770398182862848,1
E003,2022-10-05,2022-10-05,OPEC decision,Oil,Production cut,OPEC+ announces major production cut,bullish,High,OPEC,WTI Crude,CL=F,0.007862292561714224,-0.010315730707086357,0.01817802326880058,0.03840012574243379,-0.04526774654034371,0.0836678722827775,-0.0055834717552014634,-0.05444335960334212,0.04885988784814066,0.49752063046956685,0.4690361779169852,-0.02848445255258164,1
E003,2022-10-05,2022-10-05,OPEC decision,Oil,Production cut,OPEC+ announces major production cut,bullish,High,OPEC,Natural Gas,NG=F,0.006060648596258211,-0.010315730707086357,0.016376379303344568,-0.07142855668407022,-0.04526774654034371,-0.02616081014372651,-0.07142855668407022,-0.05444335960334212,-0.0169851970807281,0.734687565777765,0.4634967719578867,-0.27119079381987826,1
E003,2022-10-05,2022-10-05,OPEC decision,Oil,Production cut,OPEC+ announces major production cut,bullish,High,OPEC,Shell,SHEL,-0.043502357219171506,-0.010315730707086357,-0.03318662651208515,-0.05294326784278891,-0.04526774654034371,-0.0076755213024451985,-0.06849291630854792,-0.05444335960334212,-0.014049556705205801,0.44205376689599196,0.31486501811345147,-0.1271887487825405,0
E003,2022-10-05,2022-10-05,OPEC decision,Oil,Production cut,OPEC+ announces major production cut,bullish,High,OPEC,BP,BP,-0.007648099447618795,-0.010315730707086357,0.002667631259467562,-0.03282330530201771,-0.04526774654034371,0.012444441238325998,-0.04557021139795747,-0.05444335960334212,0.008873148205384651,0.47772508130083824,0.18210574044121652,-0.2956193408596217,1
E003,2022-10-05,2022-10-05,OPEC decision,Oil,Production cut,OPEC+ announces major production cut,bullish,High,OPEC,ExxonMobil,XOM,0.029660922746483687,-0.010315730707086357,0.039976653453570044,-0.002825098881512278,-0.04526774654034371,0.042442647658831434,-0.006961439806535963,-0.05444335960334212,0.04748191979680616,0.40811168243677937,0.3109990632246318,-0.09711261921214759,1
E003,2022-10-05,2022-10-05,OPEC decision,Oil,Production cut,OPEC+ announces major production cut,bullish,High,OPEC,Chevron,CVX,0.018229809012719533,-0.010315730707086357,0.02854553971980589,-0.008768121726697942,-0.04526774654034371,0.03649962481364577,-0.005614113846106883,-0.05444335960334212,0.04882924575723524,0.4300539802323526,0.2153402108019154,-0.21471376943043718,1
E003,2022-10-05,2022-10-05,OPEC decision,Oil,Production cut,OPEC+ announces major production cut,bullish,High,OPEC,TotalEnergies,TTE,-0.010922560914036428,-0.010315730707086357,-0.0006068302069500708,-0.03452311549359144,-0.04526774654034371,0.010744631046752273,-0.057538495416071034,-0.05444335960334212,-0.003095135812728911,0.42405086920782903,0.1793618449696193,-0.24468902423820973,0
E003,2022-10-05,2022-10-05,OPEC decision,Oil,Production cut,OPEC+ announces major production cut,bullish,High,OPEC,Energy ETF,XLE,0.017777888358256888,-0.010315730707086357,0.028093619065343245,-0.01086417612138657,-0.04526774654034371,0.03440357041895714,-0.01086417612138657,-0.05444335960334212,0.04357918348195555,0.4673752571008578,0.23876533152990662,-0.2286099255709512,1
E003,2022-10-05,2022-10-05,OPEC decision,Oil,Production cut,OPEC+ announces major production cut,bullish,High,OPEC,Oil Services ETF,OIH,0.013611512238103307,-0.010315730707086357,0.023927242945189664,-0.016668044794216907,-0.04526774654034371,0.028599701746126804,-0.026978665924021317,-0.05444335960334212,0.027464693679320806,0.5898359219378005,0.2158529855537702,-0.37398293638403035,1
E003,2022-10-05,2022-10-05,OPEC decision,Oil,Production cut,OPEC+ announces major production cut,bullish,High,OPEC,Airlines ETF,JETS,-0.008652597443113974,-0.010315730707086357,0.0016631332639723828,-0.04388129729953294,-0.04526774654034371,0.001386449240810772,-0.03831888351679802,-0.05444335960334212,0.016124476086544104,0.4818418836542724,0.23454264431928676,-0.24729923933498563,1
E003,2022-10-05,2022-10-05,OPEC decision,Oil,Production cut,OPEC+ announces major production cut,bullish,High,OPEC,Utilities ETF,XLU,-0.03297187346994046,-0.010315730707086357,-0.022656142762854103,-0.051388672793348134,-0.04526774654034371,-0.006120926253004422,-0.086291345372008,-0.05444335960334212,-0.031847985768665876,0.3097004371848066,0.25869476767651434,-0.05100566950829227,0
E007,2022-10-19,2022-10-19,Inventory announcement,Oil,EIA inventories,US crude inventories fall unexpectedly,bullish,Medium,US EIA,Brent Crude,BZ=F,-0.0003247095282142842,-0.008385428122763883,0.008060718594549598,0.009198121853009056,0.028141279259162433,-0.018943157406153377,0.03549397954024491,0.03668941296521622,-0.001195433424971304,0.38050213114198106,0.1686960841914032,-0.21180604695057786,1
E007,2022-10-19,2022-10-19,Inventory announcement,Oil,EIA inventories,US crude inventories fall unexpectedly,bullish,Medium,US EIA,WTI Crude,CL=F,0.005026303797039278,-0.008385428122763883,0.01341173191980316,-0.011338412461730396,0.028141279259162433,-0.03947969172089283,0.027586213046933095,0.03668941296521622,-0.009103199918283122,0.4899914347641167,0.2530486050983039,-0.23694282966581282,1
E007,2022-10-19,2022-10-19,Inventory announcement,Oil,EIA inventories,US crude inventories fall unexpectedly,bullish,Medium,US EIA,Natural Gas,NG=F,-0.019040661586689156,-0.008385428122763883,-0.010655233463925273,-0.04815086352749154,0.028141279259162433,-0.07629214278665397,0.02636397953528724,0.03668941296521622,-0.010325433429928976,0.6176922258727888,0.9515270733497365,0.3338348474769477,0
E007,2022-10-19,2022-10-19,Inventory announcement,Oil,EIA inventories,US crude inventories fall unexpectedly,bullish,Medium,US EIA,Shell,SHEL,0.005411764444441802,-0.008385428122763883,0.013797192567205685,0.02319279999514534,0.028141279259162433,-0.004948479264017092,0.030344069311474264,0.03668941296521622,-0.006345343653741953,0.48670716442455064,0.13563533863303862,-0.351071825791512,1
E007,2022-10-19,2022-10-19,Inventory announcement,Oil,EIA inventories,US crude inventories fall unexpectedly,bullish,Medium,US EIA,BP,BP,0.001941931954410947,-0.008385428122763883,0.01032736007717483,0.029126285514131878,0.028141279259162433,0.000985006254969445,0.045631285397774723,0.03668941296521622,0.008941872432558506,0.4917768801868499,0.07690241969843821,-0.4148744604884117,1
E007,2022-10-19,2022-10-19,Inventory announcement,Oil,EIA inventories,US crude inventories fall unexpectedly,bullish,Medium,US EIA,ExxonMobil,XOM,0.0013488258471001657,-0.008385428122763883,0.009734253969864048,0.027073848881215667,0.028141279259162433,-0.0010674303779467653,0.032276569912557784,0.03668941296521622,-0.004412843052658433,0.4387892469874581,0.15416687908796864,-0.28462236789948947,1
E007,2022-10-19,2022-10-19,Inventory announcement,Oil,EIA inventories,US crude inventories fall unexpectedly,bullish,Medium,US EIA,Chevron,CVX,0.005714393326563538,-0.008385428122763883,0.014099821449327421,0.030536011617531278,0.028141279259162433,0.002394732358368845,0.05410719639878536,0.03668941296521622,0.017417783433569145,0.4465951085741699,0.1495863526798707,-0.2970087558942992,1
E007,2022-10-19,2022-10-19,Inventory announcement,Oil,EIA inventories,US crude inventories fall unexpectedly,bullish,Medium,US EIA,TotalEnergies,TTE,-0.004033614290888776,-0.008385428122763883,0.0043518138318751065,0.012101471721219559,0.028141279259162433,-0.016039807537942874,0.03265484766772642,0.03668941296521622,-0.0040345652974898005,0.4153289224574857,0.13674933469409345,-0.27857958776339226,1
E007,2022-10-19,2022-10-19,Inventory announcement,Oil,EIA inventories,US crude inventories fall unexpectedly,bullish,Medium,US EIA,Energy ETF,XLE,0.0009476412821152191,-0.008385428122763883,0.009333069404879102,0.03471156322180402,0.028141279259162433,0.006570283962641588,0.04987566819316025,0.03668941296521622,0.013186255227944033,0.47725205763211714,0.1877705267222661,-0.28948153090985107,1
E007,2022-10-19,2022-10-19,Inventory announcement,Oil,EIA inventories,US crude inventories fall unexpectedly,bullish,Medium,US EIA,Oil Services ETF,OIH,0.00890432355700499,-0.008385428122763883,0.017289751679768872,0.07723457307210091,0.028141279259162433,0.04909329381293848,0.12225319136107426,0.03668941296521622,0.08556377839585805,0.5880449514778061,0.31216268559303506,-0.27588226588477105,1
E007,2022-10-19,2022-10-19,Inventory announcement,Oil,EIA inventories,US crude inventories fall unexpectedly,bullish,Medium,US EIA,Airlines ETF,JETS,-0.007826642258866867,-0.008385428122763883,0.0005587858638970156,0.02046962632078353,0.028141279259162433,-0.007671652938378903,0.0397351093048639,0.03668941296521622,0.0030456963396476855,0.4394786920402384,0.20508771064179884,-0.23439098139843953,1
E007,2022-10-19,2022-10-19,Inventory announcement,Oil,EIA inventories,US crude inventories fall unexpectedly,bullish,Medium,US EIA,Utilities ETF,XLU,-0.02524675378294139,-0.008385428122763883,-0.016861325660177506,0.0010978452207137668,0.028141279259162433,-0.027043434038448666,0.020699409174286254,0.03668941296521622,-0.015990003790929963,0.33598681160102095,0.29292207649439816,-0.04306473510662279,0
E023,2022-10-19,2022-10-19,Government intervention,Oil,SPR release,Further Strategic Petroleum Reserve release announced,bearish,Medium,US government,Brent Crude,BZ=F,-0.0003247095282142842,-0.008385428122763883,0.008060718594549598,0.009198121853009056,0.028141279259162433,-0.018943157406153377,0.03549397954024491,0.03668941296521622,-0.001195433424971304,0.38050213114198106,0.1686960841914032,-0.21180604695057786,0
E023,2022-10-19,2022-10-19,Government intervention,Oil,SPR release,Further Strategic Petroleum Reserve release announced,bearish,Medium,US government,WTI Crude,CL=F,0.005026303797039278,-0.008385428122763883,0.01341173191980316,-0.011338412461730396,0.028141279259162433,-0.03947969172089283,0.027586213046933095,0.03668941296521622,-0.009103199918283122,0.4899914347641167,0.2530486050983039,-0.23694282966581282,0
E023,2022-10-19,2022-10-19,Government intervention,Oil,SPR release,Further Strategic Petroleum Reserve release announced,bearish,Medium,US government,Natural Gas,NG=F,-0.019040661586689156,-0.008385428122763883,-0.010655233463925273,-0.04815086352749154,0.028141279259162433,-0.07629214278665397,0.02636397953528724,0.03668941296521622,-0.010325433429928976,0.6176922258727888,0.9515270733497365,0.3338348474769477,1
E023,2022-10-19,2022-10-19,Government intervention,Oil,SPR release,Further Strategic Petroleum Reserve release announced,bearish,Medium,US government,Shell,SHEL,0.005411764444441802,-0.008385428122763883,0.013797192567205685,0.02319279999514534,0.028141279259162433,-0.004948479264017092,0.030344069311474264,0.03668941296521622,-0.006345343653741953,0.48670716442455064,0.13563533863303862,-0.351071825791512,0
E023,2022-10-19,2022-10-19,Government intervention,Oil,SPR release,Further Strategic Petroleum Reserve release announced,bearish,Medium,US government,BP,BP,0.001941931954410947,-0.008385428122763883,0.01032736007717483,0.029126285514131878,0.028141279259162433,0.000985006254969445,0.045631285397774723,0.03668941296521622,0.008941872432558506,0.4917768801868499,0.07690241969843821,-0.4148744604884117,0
E023,2022-10-19,2022-10-19,Government intervention,Oil,SPR release,Further Strategic Petroleum Reserve release announced,bearish,Medium,US government,ExxonMobil,XOM,0.0013488258471001657,-0.008385428122763883,0.009734253969864048,0.027073848881215667,0.028141279259162433,-0.0010674303779467653,0.032276569912557784,0.03668941296521622,-0.004412843052658433,0.4387892469874581,0.15416687908796864,-0.28462236789948947,0
E023,2022-10-19,2022-10-19,Government intervention,Oil,SPR release,Further Strategic Petroleum Reserve release announced,bearish,Medium,US government,Chevron,CVX,0.005714393326563538,-0.008385428122763883,0.014099821449327421,0.030536011617531278,0.028141279259162433,0.002394732358368845,0.05410719639878536,0.03668941296521622,0.017417783433569145,0.4465951085741699,0.1495863526798707,-0.2970087558942992,0
E023,2022-10-19,2022-10-19,Government intervention,Oil,SPR release,Further Strategic Petroleum Reserve release announced,bearish,Medium,US government,TotalEnergies,TTE,-0.004033614290888776,-0.008385428122763883,0.0043518138318751065,0.012101471721219559,0.028141279259162433,-0.016039807537942874,0.03265484766772642,0.03668941296521622,-0.0040345652974898005,0.4153289224574857,0.13674933469409345,-0.27857958776339226,0
E023,2022-10-19,2022-10-19,Government intervention,Oil,SPR release,Further Strategic Petroleum Reserve release announced,bearish,Medium,US government,Energy ETF,XLE,0.0009476412821152191,-0.008385428122763883,0.009333069404879102,0.03471156322180402,0.028141279259162433,0.006570283962641588,0.04987566819316025,0.03668941296521622,0.013186255227944033,0.47725205763211714,0.1877705267222661,-0.28948153090985107,0
E023,2022-10-19,2022-10-19,Government intervention,Oil,SPR release,Further Strategic Petroleum Reserve release announced,bearish,Medium,US government,Oil Services ETF,OIH,0.00890432355700499,-0.008385428122763883,0.017289751679768872,0.07723457307210091,0.028141279259162433,0.04909329381293848,0.12225319136107426,0.03668941296521622,0.08556377839585805,0.5880449514778061,0.31216268559303506,-0.27588226588477105,0
E023,2022-10-19,2022-10-19,Government intervention,Oil,SPR release,Further Strategic Petroleum Reserve release announced,bearish,Medium,US government,Airlines ETF,JETS,-0.007826642258866867,-0.008385428122763883,0.0005587858638970156,0.02046962632078353,0.028141279259162433,-0.007671652938378903,0.0397351093048639,0.03668941296521622,0.0030456963396476855,0.4394786920402384,0.20508771064179884,-0.23439098139843953,0
E023,2022-10-19,2022-10-19,Government intervention,Oil,SPR release,Further Strategic Petroleum Reserve release announced,bearish,Medium,US government,Utilities ETF,XLU,-0.02524675378294139,-0.008385428122763883,-0.016861325660177506,0.0010978452207137668,0.028141279259162433,-0.027043434038448666,0.020699409174286254,0.03668941296521622,-0.015990003790929963,0.33598681160102095,0.29292207649439816,-0.04306473510662279,1
E025,2022-12-07,2022-12-07,Demand shock,Oil,China reopening,China eases COVID restrictions,bullish,High,Public news reports,Brent Crude,BZ=F,-0.013217528408298818,0.007834111642125663,-0.02105164005042448,0.010625887187777572,0.014726962077416195,-0.004101074889638623,0.07165995737346353,0.015871611384220774,0.05578834598924276,0.3390658547063579,0.31894544538016617,-0.020120409326191746,0
E025,2022-12-07,2022-12-07,Demand shock,Oil,China reopening,China eases COVID restrictions,bullish,High,Public news reports,WTI Crude,CL=F,-0.007637870232489408,0.007834111642125663,-0.01547198187461507,0.01610881819612131,0.014726962077416195,0.001381856118705116,0.07318423117244865,0.015871611384220774,0.05731261978822788,0.3875431741472975,0.3102808170273532,-0.07726235711994428,0
E025,2022-12-07,2022-12-07,Demand shock,Oil,China reopening,China eases COVID restrictions,bullish,High,Public news reports,Natural Gas,NG=F,0.04176128630550857,0.007834111642125663,0.03392717466338291,0.15096974246211103,0.014726962077416195,0.13624278038469484,0.12353656694412862,0.015871611384220774,0.10766495555990785,0.9219652266437637,0.8700098143024364,-0.05195541234132728,1
E025,2022-12-07,2022-12-07,Demand shock,Oil,China reopening,China eases COVID restrictions,bullish,High,Public news reports,Shell,SHEL,0.004259103251791574,0.007834111642125663,-0.003575008390334089,0.00017726170259746432,0.014726962077416195,-0.01454970037481873,0.007275974536850249,0.015871611384220774,-0.008595636847370525,0.3346440123420547,0.24235088887474465,-0.09229312346731006,0
E025,2022-12-07,2022-12-07,Demand shock,Oil,China reopening,China eases COVID restrictions,bullish,High,Public news reports,BP,BP,0.0005897181407674701,0.007834111642125663,-0.007244393501358193,0.005603131833709751,0.014726962077416195,-0.009123830243706443,0.026245965081967304,0.015871611384220774,0.01037435369774653,0.3199686030247663,0.2224367903581651,-0.09753181266660121,0
E025,2022-12-07,2022-12-07,Demand shock,Oil,China reopening,China eases COVID restrictions,bullish,High,Public news reports,ExxonMobil,XOM,0.007428870924267139,0.007834111642125663,-0.0004052407178585238,0.023540706690979407,0.014726962077416195,0.008813744613563212,0.02711052807832992,0.015871611384220774,0.011238916694109147,0.2987711908662194,0.21861690246258894,-0.08015428840363045,0
E025,2022-12-07,2022-12-07,Demand shock,Oil,China reopening,China eases COVID restrictions,bullish,High,Public news reports,Chevron,CVX,0.005912400654881855,0.007834111642125663,-0.0019217109872438076,-0.016056138106710915,0.014726962077416195,-0.03078310018412711,-0.0011010799580342123,0.015871611384220774,-0.016972691342254986,0.29029057321641427,0.3278635267420755,0.0375729535256612,0
E025,2022-12-07,2022-12-07,Demand shock,Oil,China reopening,China eases COVID restrictions,bullish,High,Public news reports,TotalEnergies,TTE,0.008607340245675,0.007834111642125663,0.0007732286035493363,0.008607340245675,0.014726962077416195,-0.0061196218317411955,0.023966125786125447,0.015871611384220774,0.008094514401904673,0.28622079680836726,0.3285918224361912,0.042371025627823966,1
E025,2022-12-07,2022-12-07,Demand shock,Oil,China reopening,China eases COVID restrictions,bullish,High,Public news reports,Energy ETF,XLE,-0.004464360111093857,0.007834111642125663,-0.01229847175321952,-0.0031721202164158857,0.014726962077416195,-0.01789908229383208,0.009515954188637599,0.015871611384220774,-0.006355657195583175,0.3239140029666956,0.324949683417449,0.0010356804507534179,0
E025,2022-12-07,2022-12-07,Demand shock,Oil,China reopening,China eases COVID restrictions,bullish,High,Public news reports,Oil Services ETF,OIH,0.0031853694997596715,0.007834111642125663,-0.004648742142365991,0.00017695220509450493,0.014726962077416195,-0.01455000987232169,0.03599610015724619,0.015871611384220774,0.020124488773025417,0.3927418707863984,0.5795592733433866,0.18681740255698825,0
E025,2022-12-07,2022-12-07,Demand shock,Oil,China reopening,China eases COVID restrictions,bullish,High,Public news reports,Airlines ETF,JETS,-0.0027639120948180773,0.007834111642125663,-0.01059802373694374,0.02819241360821434,0.014726962077416195,0.013465451530798145,-0.0016583897769799627,0.015871611384220774,-0.017530001161200737,0.26574590962239625,0.3141860886815902,0.048440179059193955,0
E025,2022-12-07,2022-12-07,Demand shock,Oil,China reopening,China eases COVID restrictions,bullish,High,Public news reports,Utilities ETF,XLU,0.006502729519900274,0.007834111642125663,-0.0013313821222253885,0.02417283028060835,0.014726962077416195,0.009445868203192154,0.026010676400842536,0.015871611384220774,0.010139065016621762,0.24084560854573886,0.17174821511895086,-0.069097393426788,0
E004,2023-04-02,2023-04-03,OPEC decision,Oil,Voluntary production cut,OPEC+ members announce voluntary cuts,bullish,High,OPEC,Brent Crude,BZ=F,0.00011776917690475841,-0.005548032308860806,0.005665801485765565,0.0022371652033854605,-0.004282744543320782,0.006519909746706243,0.008006597229864187,-0.002993008267696995,0.010999605497561182,0.3615227520681438,0.15871390073559916,-0.20280885133254467,1
E004,2023-04-02,2023-04-03,OPEC decision,Oil,Voluntary production cut,OPEC+ members announce voluntary cuts,bullish,High,OPEC,WTI Crude,CL=F,0.003606079608682755,-0.005548032308860806,0.009154111917543561,0.003481705865109097,-0.004282744543320782,0.007764450408429879,0.01380254458623198,-0.002993008267696995,0.016795552853928974,0.4121713655465019,0.197924207831268,-0.21424715771523392,1
E004,2023-04-02,2023-04-03,OPEC decision,Oil,Voluntary production cut,OPEC+ members announce voluntary cuts,bullish,High,OPEC,Natural Gas,NG=F,0.004291875747189922,-0.005548032308860806,0.009839908056050728,-0.04101095395292231,-0.004282744543320782,-0.03672820940960153,0.042441692897070116,-0.002993008267696995,0.04543470116476711,0.8963514581931262,0.8335850112105455,-0.06276644698258071,1
E004,2023-04-02,2023-04-03,OPEC decision,Oil,Voluntary production cut,OPEC+ members announce voluntary cuts,bullish,High,OPEC,Shell,SHEL,-0.01669134352257473,-0.005548032308860806,-0.011143311213713925,0.0009915955157233647,-0.004282744543320782,0.005274340059044147,0.00446214393758515,-0.002993008267696995,0.007455152205282145,0.34503853935276696,0.1709929740748396,-0.17404556527792736,0
E004,2023-04-02,2023-04-03,OPEC decision,Oil,Voluntary production cut,OPEC+ members announce voluntary cuts,bullish,High,OPEC,BP,BP,-0.010317371556140209,-0.005548032308860806,-0.004769339247279403,-0.0057878243865913115,-0.004282744543320782,-0.0015050798432705292,0.0030196601112442156,-0.002993008267696995,0.0060126683789412105,0.32717595010963246,0.16596436345239843,-0.16121158665723404,0
E004,2023-04-02,2023-04-03,OPEC decision,Oil,Voluntary production cut,OPEC+ members announce voluntary cuts,bullish,High,OPEC,ExxonMobil,XOM,-0.009558316396029998,-0.005548032308860806,-0.004010284087169191,-0.009299724156068057,-0.004282744543320782,-0.005016979612747274,-0.0067163657021713785,-0.002993008267696995,-0.0037233574344743836,0.32457819009968447,0.21316063449391254,-0.11141755560577193,0
E004,2023-04-02,2023-04-03,OPEC decision,Oil,Voluntary production cut,OPEC+ members announce voluntary cuts,bullish,High,OPEC,Chevron,CVX,-0.005354818307752751,-0.005548032308860806,0.0001932140011080552,-0.01353348466552784,-0.004282744543320782,-0.009250740122207057,-0.0042954380811905946,-0.002993008267696995,-0.0013024298134935997,0.25631275689846333,0.12977473484147484,-0.1265380220569885,1
E004,2023-04-02,2023-04-03,OPEC decision,Oil,Voluntary production cut,OPEC+ members announce voluntary cuts,bullish,High,OPEC,TotalEnergies,TTE,-0.016788221212511223,-0.005548032308860806,-0.011240188903650417,-0.00538493598676526,-0.004282744543320782,-0.001102191443444478,0.008235579727253084,-0.002993008267696995,0.011228587994950079,0.3120106067195514,0.17229961823137094,-0.13971098848818045,0
E004,2023-04-02,2023-04-03,OPEC decision,Oil,Voluntary production cut,OPEC+ members announce voluntary cuts,bullish,High,OPEC,Energy ETF,XLE,-0.018133700406557263,-0.005548032308860806,-0.012585668097696456,-0.01848013130709747,-0.004282744543320782,-0.014197386763776687,-0.0012704423589869895,-0.002993008267696995,0.0017225659087100054,0.3189889304636013,0.24326658143004348,-0.07572234903355779,0
E004,2023-04-02,2023-04-03,OPEC decision,Oil,Voluntary production cut,OPEC+ members announce voluntary cuts,bullish,High,OPEC,Oil Services ETF,OIH,-0.031993158080123596,-0.005548032308860806,-0.02644512577126279,-0.05168656149839013,-0.004282744543320782,-0.047403816955069344,-0.02490630518041559,-0.002993008267696995,-0.021913296912718594,0.48276134641221774,0.3135344089177537,-0.16922693749446405,0
E004,2023-04-02,2023-04-03,OPEC decision,Oil,Voluntary production cut,OPEC+ members announce voluntary cuts,bullish,High,OPEC,Airlines ETF,JETS,-0.006507651005367654,-0.005548032308860806,-0.0009596186965068476,-0.01681129272040749,-0.004282744543320782,-0.012528548177086707,0.008676833246292093,-0.002993008267696995,0.011669841513989088,0.31817860744985693,0.19548979954921333,-0.1226888079006436,0
E004,2023-04-02,2023-04-03,OPEC decision,Oil,Voluntary production cut,OPEC+ members announce voluntary cuts,bullish,High,OPEC,Utilities ETF,XLU,0.0050571959535421485,-0.005548032308860806,0.010605228262402955,0.03837559786209366,-0.004282744543320782,0.04265834240541444,0.037185820371204104,-0.002993008267696995,0.0401788286389011,0.2176882098968557,0.17372106924383793,-0.04396714065301777,1
E008,2023-06-14,2023-06-14,Inventory announcement,Oil,EIA inventories,US crude inventories increase more than forecast,bearish,Medium,US EIA,Brent Crude,BZ=F,0.033743187481955816,0.012397725311585006,0.02134546217037081,0.03688530997543382,0.0037146630828874816,0.03317064689254634,0.01284156394256275,0.00217634733354366,0.01066521660901909,0.3423425029276906,0.4411599143060057,0.09881741137831512,0
E008,2023-06-14,2023-06-14,Inventory announcement,Oil,EIA inventories,US crude inventories increase more than forecast,bearish,Medium,US EIA,WTI Crude,CL=F,0.034422238451278675,0.012397725311585006,0.02202451313969367,0.032664471460173594,0.0037146630828874816,0.028949808377286113,0.018163256981645004,0.00217634733354366,0.015986909648101344,0.3709322536306071,0.5176971140034612,0.14676486037285408,0
E008,2023-06-14,2023-06-14,Inventory announcement,Oil,EIA inventories,US crude inventories increase more than forecast,bearish,Medium,US EIA,Natural Gas,NG=F,0.08155422037532101,0.012397725311585006,0.069156495063736,0.06404786288590314,0.0037146630828874816,0.06033319980301566,0.11357815181827258,0.00217634733354366,0.11140180448472892,0.6660244715514447,0.8020313978387916,0.1360069262873469,0
E008,2023-06-14,2023-06-14,Inventory announcement,Oil,EIA inventories,US crude inventories increase more than forecast,bearish,Medium,US EIA,Shell,SHEL,0.022237320648915704,0.012397725311585006,0.009839595337330698,0.01634108389392641,0.0037146630828874816,0.01262642081103893,0.012297769992490437,0.00217634733354366,0.010121422658946777,0.2200590197378884,0.2037746546646296,-0.01628436507325881,0
E008,2023-06-14,2023-06-14,Inventory announcement,Oil,EIA inventories,US crude inventories increase more than forecast,bearish,Medium,US EIA,BP,BP,0.009415005831235224,0.012397725311585006,-0.0029827194803497825,0.0005704010567699758,0.0037146630828874816,-0.003144262026117506,0.0054207279984830326,0.00217634733354366,0.0032443806649393725,0.2553093697601261,0.13283438932812064,-0.12247498043200544,1
E008,2023-06-14,2023-06-14,Inventory announcement,Oil,EIA inventories,US crude inventories increase more than forecast,bearish,Medium,US EIA,ExxonMobil,XOM,0.006941837896796699,0.012397725311585006,-0.005455887414788307,-0.0232026851450845,0.0037146630828874816,-0.026917348227971982,-0.01768731052403638,0.00217634733354366,-0.01986365785758004,0.2248912607744764,0.2129420759717719,-0.011949184802704516,1
E008,2023-06-14,2023-06-14,Inventory announcement,Oil,EIA inventories,US crude inventories increase more than forecast,bearish,Medium,US EIA,Chevron,CVX,0.007575055374613671,0.012397725311585006,-0.0048226699369713355,-0.021707443712533192,0.0037146630828874816,-0.025422106795420674,-0.028327819476279603,0.00217634733354366,-0.030504166809823263,0.2381757126284635,0.21404727159120704,-0.02412844103725645,1
E008,2023-06-14,2023-06-14,Inventory announcement,Oil,EIA inventories,US crude inventories increase more than forecast,bearish,Medium,US EIA,TotalEnergies,TTE,0.01101719868183948,0.012397725311585006,-0.0013805266297455265,-0.000447456929954515,0.0037146630828874816,-0.004162120012841997,0.001995568354450139,0.00217634733354366,-0.00018077897909352103,0.26721976404380365,0.30728739346661277,0.040067629422809115,1
E008,2023-06-14,2023-06-14,Inventory announcement,Oil,EIA inventories,US crude inventories increase more than forecast,bearish,Medium,US EIA,Energy ETF,XLE,0.010986392093250252,0.012397725311585006,-0.0014113332183347538,-0.013106303937243546,0.0037146630828874816,-0.016820967020131028,-0.018647629313194525,0.00217634733354366,-0.020823976646738185,0.23032680409611814,0.2243555744188596,-0.005971229677258549,1
E008,2023-06-14,2023-06-14,Inventory announcement,Oil,EIA inventories,US crude inventories increase more than forecast,bearish,Medium,US EIA,Oil Services ETF,OIH,0.01899278196433074,0.012397725311585006,0.006595056652745734,-0.004245183889563631,0.0037146630828874816,-0.007959846972451112,-0.00995403775224224,0.00217634733354366,-0.0121303850857859,0.39211470016075617,0.2681391767153918,-0.12397552344536439,0
E008,2023-06-14,2023-06-14,Inventory announcement,Oil,EIA inventories,US crude inventories increase more than forecast,bearish,Medium,US EIA,Airlines ETF,JETS,0.008836414743947474,0.012397725311585006,-0.0035613105676375323,0.006381865581973845,0.0037146630828874816,0.002667202499086363,0.005399989275920669,0.00217634733354366,0.003223641942377009,0.2213834796425982,0.07346256553069432,-0.1479209141119039,1
E008,2023-06-14,2023-06-14,Inventory announcement,Oil,EIA inventories,US crude inventories increase more than forecast,bearish,Medium,US EIA,Utilities ETF,XLU,0.010872715163270152,0.012397725311585006,-0.0015250101483148537,0.00438994970531148,0.0037146630828874816,0.0006752866224239984,0.004694361580297901,0.00217634733354366,0.002518014246754241,0.13342441266769645,0.1593850655012589,0.025960652833562442,1
E009,2023-08-09,2023-08-09,Inventory announcement,Oil,EIA inventories,Large draw in US crude inventories,bullish,Medium,US EIA,Brent Crude,BZ=F,-0.013135368198663011,0.0003590178686718737,-0.013494386067334885,-0.015305584472600997,0.005294589724371246,-0.020600174196972243,-0.04683045072073588,-0.013707205578165516,-0.03312324514257037,0.21587060298336955,0.14027067861909748,-0.07559992436427207,0
E009,2023-08-09,2023-08-09,Inventory announcement,Oil,EIA inventories,Large draw in US crude inventories,bullish,Medium,US EIA,WTI Crude,CL=F,-0.0187204005034316,0.0003590178686718737,-0.019079418372103474,-0.02239335729240388,0.005294589724371246,-0.027687947016775127,-0.059478722532033235,-0.013707205578165516,-0.04577151695386772,0.239652079356802,0.1653917820206291,-0.0742602973361729,0
E009,2023-08-09,2023-08-09,Inventory announcement,Oil,EIA inventories,Large draw in US crude inventories,bullish,Medium,US EIA,Natural Gas,NG=F,-0.06623862516201429,0.0003590178686718737,-0.06659764303068616,-0.05542413930412715,0.005294589724371246,-0.0607187290284984,-0.1240284181399226,-0.013707205578165516,-0.11032121256175709,0.5629790071191285,0.5127794610431917,-0.050199546075936796,0
E009,2023-08-09,2023-08-09,Inventory announcement,Oil,EIA inventories,Large draw in US crude inventories,bullish,Medium,US EIA,Shell,SHEL,0.007468740636467297,0.0003590178686718737,0.007109722767795423,-0.004817452609989559,0.005294589724371246,-0.010112042334360805,-0.019043451607543282,-0.013707205578165516,-0.005336246029377767,0.19677419810678975,0.13684141828543506,-0.0599327798213547,1
E009,2023-08-09,2023-08-09,Inventory announcement,Oil,EIA inventories,Large draw in US crude inventories,bullish,Medium,US EIA,BP,BP,0.0025956815490493224,0.0003590178686718737,0.0022366636803774487,-0.008219638277709662,0.005294589724371246,-0.013514228002080908,-0.02958038597484025,-0.013707205578165516,-0.015873180396674735,0.19617523244434582,0.12773136246138025,-0.06844386998296556,1
E009,2023-08-09,2023-08-09,Inventory announcement,Oil,EIA inventories,Large draw in US crude inventories,bullish,Medium,US EIA,ExxonMobil,XOM,0.005111352316728546,0.0003590178686718737,0.004752334448056672,0.021540611071337867,0.005294589724371246,0.01624602134696662,-0.02143391607584122,-0.013707205578165516,-0.007726710497675704,0.22397341590822314,0.26580987710665577,0.04183646119843262,1
E009,2023-08-09,2023-08-09,Inventory announcement,Oil,EIA inventories,Large draw in US crude inventories,bullish,Medium,US EIA,Chevron,CVX,0.006067783723718412,0.0003590178686718737,0.005708765855046538,0.026085134173563063,0.005294589724371246,0.020790544449191817,-0.007694307167945169,-0.013707205578165516,0.0060128984102203464,0.20324024605487856,0.2884786380506385,0.08523839199575994,1
E009,2023-08-09,2023-08-09,Inventory announcement,Oil,EIA inventories,Large draw in US crude inventories,bullish,Medium,US EIA,TotalEnergies,TTE,0.012472163979977857,0.0003590178686718737,0.012113146111305984,-0.01471050539176988,0.005294589724371246,-0.020005095116141125,-0.024943903522547495,-0.013707205578165516,-0.01123669794438198,0.2444265641634831,0.17226159006345798,-0.07216497410002512,1
E009,2023-08-09,2023-08-09,Inventory announcement,Oil,EIA inventories,Large draw in US crude inventories,bullish,Medium,US EIA,Energy ETF,XLE,-0.00011315513312659675,0.0003590178686718737,-0.00047217300179847044,0.010954137740812664,0.005294589724371246,0.005659548016441418,-0.018633605765619232,-0.013707205578165516,-0.004926400187453717,0.16477902853955267,0.20891306443588184,0.044134035896329166,0
E009,2023-08-09,2023-08-09,Inventory announcement,Oil,EIA inventories,Large draw in US crude inventories,bullish,Medium,US EIA,Oil Services ETF,OIH,-0.005845320103320395,0.0003590178686718737,-0.006204337971992269,-0.004485326999531636,0.005294589724371246,-0.009779916723902882,-0.025696011923675655,-0.013707205578165516,-0.011988806345510139,0.18151351251507225,0.164761550279523,-0.016751962235549256,0
E009,2023-08-09,2023-08-09,Inventory announcement,Oil,EIA inventories,Large draw in US crude inventories,bullish,Medium,US EIA,Airlines ETF,JETS,0.0009838082620976518,0.0003590178686718737,0.0006247903934257781,-0.003935043872683952,0.005294589724371246,-0.009229633597055198,-0.0334481566813738,-0.013707205578165516,-0.019740951103208282,0.21881264138902176,0.15506642064852905,-0.06374622074049272,1
E009,2023-08-09,2023-08-09,Inventory announcement,Oil,EIA inventories,Large draw in US crude inventories,bullish,Medium,US EIA,Utilities ETF,XLU,-0.003104726451552575,0.0003590178686718737,-0.003463744320224449,-0.0055884168843770565,0.005294589724371246,-0.010883006608748302,-0.01738596264179637,-0.013707205578165516,-0.0036787570636308553,0.1715088331068026,0.14306118949840893,-0.028447643608393663,0
E028,2023-09-05,2023-09-05,Supply disruption,Oil,Saudi production cut,Saudi Arabia extends voluntary production cut,bullish,High,Saudi Ministry of Energy,Brent Crude,BZ=F,0.006219430840733953,-0.006722583958790329,0.012942014799524282,0.006774773480109575,-0.008280696984282354,0.015055470464391929,0.022434436056497864,-0.007234574666945104,0.029669010723442968,0.17585917596456843,0.1388728489397747,-0.036986327024793736,1
E028,2023-09-05,2023-09-05,Supply disruption,Oil,Saudi production cut,Saudi Arabia extends voluntary production cut,bullish,High,Saudi Ministry of Energy,WTI Crude,CL=F,0.009805034608178831,-0.006722583958790329,0.01652761856696916,0.009458988023197445,-0.008280696984282354,0.0177396850074798,0.024800944006635017,-0.007234574666945104,0.03203551867358012,0.22468445847199617,0.1603232908010831,-0.06436116767091307,1
E028,2023-09-05,2023-09-05,Supply disruption,Oil,Saudi production cut,Saudi Arabia extends voluntary production cut,bullish,High,Saudi Ministry of Energy,Natural Gas,NG=F,-0.027885370342446425,-0.006722583958790329,-0.021162786383656096,0.008907824072206028,-0.008280696984282354,0.01718852105648838,0.06235476850544153,-0.007234574666945104,0.06958934317238663,0.6057175245297741,0.471713218912478,-0.1340043056172961,0
E028,2023-09-05,2023-09-05,Supply disruption,Oil,Saudi production cut,Saudi Arabia extends voluntary production cut,bullish,High,Saudi Ministry of Energy,Shell,SHEL,0.008591890451551398,-0.006722583958790329,0.015314474410341727,0.005568839203306197,-0.008280696984282354,0.013849536187588551,0.01941137075733046,-0.007234574666945104,0.026645945424275563,0.11827886904704926,0.09365093731248804,-0.024627931734561223,1
E028,2023-09-05,2023-09-05,Supply disruption,Oil,Saudi production cut,Saudi Arabia extends voluntary production cut,bullish,High,Saudi Ministry of Energy,BP,BP,0.011197997351118039,-0.006722583958790329,0.017920581309908368,0.007031118249440249,-0.008280696984282354,0.015311815233722603,-0.007812725291654998,-0.007234574666945104,-0.0005781506247098944,0.16164645896695728,0.15386000989773285,-0.007786449069224433,1
E028,2023-09-05,2023-09-05,Supply disruption,Oil,Saudi production cut,Saudi Arabia extends voluntary production cut,bullish,High,Saudi Ministry of Energy,ExxonMobil,XOM,0.008632075829694053,-0.006722583958790329,0.015354659788484382,0.018321157077931582,-0.008280696984282354,0.026601854062213937,0.03488066301981996,-0.007234574666945104,0.04211523768676506,0.2059306787086508,0.26020367392438415,0.05427299521573334,1
E028,2023-09-05,2023-09-05,Supply disruption,Oil,Saudi production cut,Saudi Arabia extends voluntary production cut,bullish,High,Saudi Ministry of Energy,Chevron,CVX,0.0010211405558973041,-0.006722583958790329,0.007743724514687633,0.00450540152653911,-0.008280696984282354,0.012786098510821464,0.0021023421432804223,-0.007234574666945104,0.009336916810225526,0.1737706452070183,0.22225626115243677,0.048485615945418475,1
E028,2023-09-05,2023-09-05,Supply disruption,Oil,Saudi production cut,Saudi Arabia extends voluntary production cut,bullish,High,Saudi Ministry of Energy,TotalEnergies,TTE,0.005172397294365805,-0.006722583958790329,0.011894981253156134,0.008464156088349606,-0.008280696984282354,0.01674485307263196,0.03213172915421669,-0.007234574666945104,0.0393663038211618,0.1682848269806068,0.12938649115886378,-0.03889833582174301,1
E028,2023-09-05,2023-09-05,Supply disruption,Oil,Saudi production cut,Saudi Arabia extends voluntary production cut,bullish,High,Saudi Ministry of Energy,Energy ETF,XLE,0.0004384517185198611,-0.006722583958790329,0.00716103567731019,0.009098931999011128,-0.008280696984282354,0.017379628983293482,0.019294269513380202,-0.007234574666945104,0.026528844180325306,0.15589528799623942,0.216780417103313,0.06088512910707358,1
E028,2023-09-05,2023-09-05,Supply disruption,Oil,Saudi production cut,Saudi Arabia extends voluntary production cut,bullish,High,Saudi Ministry of Energy,Oil Services ETF,OIH,0.0035169208234799854,-0.006722583958790329,0.010239504782270314,0.0014180706018322997,-0.008280696984282354,0.009698767586114654,0.027597232583904452,-0.007234574666945104,0.034831807250849556,0.17772493122187866,0.1766346200022333,-0.001090311219645368,1
E028,2023-09-05,2023-09-05,Supply disruption,Oil,Saudi production cut,Saudi Arabia extends voluntary production cut,bullish,High,Saudi Ministry of Energy,Airlines ETF,JETS,-0.012705047366781574,-0.006722583958790329,-0.005982463407991245,-0.030174665643253773,-0.008280696984282354,-0.02189396865897142,-0.025410196531933105,-0.007234574666945104,-0.018175621864988,0.16181294227050208,0.13609964977875166,-0.025713292491750417,0
E028,2023-09-05,2023-09-05,Supply disruption,Oil,Saudi production cut,Saudi Arabia extends voluntary production cut,bullish,High,Saudi Ministry of Energy,Utilities ETF,XLU,0.002269812669216442,-0.006722583958790329,0.008992396628006771,0.02431911203926651,-0.008280696984282354,0.032599809023548865,0.029831436881778917,-0.007234574666945104,0.03706601154872402,0.09839700422984603,0.07860090872124402,-0.019796095508602007,1
E012,2023-10-07,2023-10-09,Geopolitical shock,Oil,Conflict,Israel-Hamas conflict begins,bullish,High,Public news reports,Brent Crude,BZ=F,-0.005672149646568148,0.005204912439602749,-0.010877062086170897,-0.02439026079027029,0.003169198099123749,-0.02755945888939404,0.017016448939704665,0.008674586327351186,0.008341862612353479,0.314201370368748,0.490654775430141,0.176453405061393,0
E012,2023-10-07,2023-10-09,Geopolitical shock,Oil,Conflict,Israel-Hamas conflict begins,bullish,High,Public news reports,WTI Crude,CL=F,-0.00474642331270303,0.005204912439602749,-0.009951335752305779,-0.04017126304286023,0.003169198099123749,-0.04334046114198398,0.003241565380813105,0.008674586327351186,-0.005433020946538081,0.30408411201990415,0.5240399577223737,0.2199558457024695,0
E012,2023-10-07,2023-10-09,Geopolitical shock,Oil,Conflict,Israel-Hamas conflict begins,bullish,High,Public news reports,Natural Gas,NG=F,0.0017772636523947227,0.005204912439602749,-0.0034276487872080263,-0.00947862177674108,0.003169198099123749,-0.01264781987586483,-0.07908766755861774,0.008674586327351186,-0.08776225388596892,0.5559213345156485,0.2939409172506141,-0.2619804172650344,0
E012,2023-10-07,2023-10-09,Geopolitical shock,Oil,Conflict,Israel-Hamas conflict begins,bullish,High,Public news reports,Shell,SHEL,0.00544469165735606,0.005204912439602749,0.0002397792177533109,0.006352011532540169,0.003169198099123749,0.0031828134334164204,0.030096873904550847,0.008674586327351186,0.02142228757719966,0.218208345737893,0.09414153613720694,-0.12406680960068606,1
E012,2023-10-07,2023-10-09,Geopolitical shock,Oil,Conflict,Israel-Hamas conflict begins,bullish,High,Public news reports,BP,BP,0.006253229300192897,0.005204912439602749,0.0010483168605901483,0.023710406341609813,0.003169198099123749,0.020541208242486064,0.047941770863111355,0.008674586327351186,0.03926718453576017,0.23686172968403196,0.12100090442290062,-0.11586082526113134,1
E012,2023-10-07,2023-10-09,Geopolitical shock,Oil,Conflict,Israel-Hamas conflict begins,bullish,High,Public news reports,ExxonMobil,XOM,-0.004237158070763414,0.005204912439602749,-0.009442070510366163,-0.04011890770888693,0.003169198099123749,-0.04328810580801068,-0.008744917457925383,0.008674586327351186,-0.01741950378527657,0.2737422850707324,0.3816609936293896,0.1079187085586572,0
E012,2023-10-07,2023-10-09,Geopolitical shock,Oil,Conflict,Israel-Hamas conflict begins,bullish,High,Public news reports,Chevron,CVX,-0.0010797214386575327,0.005204912439602749,-0.006284633878260282,-0.03292949810902168,0.003169198099123749,-0.03609869620814543,-0.0079174429168134,0.008674586327351186,-0.016592029244164586,0.1836233049646507,0.3004839583319439,0.1168606533672932,0
E012,2023-10-07,2023-10-09,Geopolitical shock,Oil,Conflict,Israel-Hamas conflict begins,bullish,High,Public news reports,TotalEnergies,TTE,0.006762046757463613,0.005204912439602749,0.0015571343178608643,0.005993633879640026,0.003169198099123749,0.0028244357805162768,0.02274484655954745,0.008674586327351186,0.014070260232196263,0.18829062027961616,0.11345650802504251,-0.07483411225457365,1
E012,2023-10-07,2023-10-09,Geopolitical shock,Oil,Conflict,Israel-Hamas conflict begins,bullish,High,Public news reports,Energy ETF,XLE,0.001241806967953396,0.005204912439602749,-0.003963105471649353,-0.010497621556150194,0.003169198099123749,-0.013666819655273943,0.018060738901026774,0.008674586327351186,0.009386152573675588,0.23185528641460634,0.19938742509207266,-0.03246786132253368,0
E012,2023-10-07,2023-10-09,Geopolitical shock,Oil,Conflict,Israel-Hamas conflict begins,bullish,High,Public news reports,Oil Services ETF,OIH,0.0021201205457810346,0.005204912439602749,-0.0030847918938217145,0.00017666094166624013,0.003169198099123749,-0.002992537157457509,0.01448676495398904,0.008674586327351186,0.005812178626637854,0.2978002363896348,0.13991651550026027,-0.15788372088937455,0
E012,2023-10-07,2023-10-09,Geopolitical shock,Oil,Conflict,Israel-Hamas conflict begins,bullish,High,Public news reports,Airlines ETF,JETS,0.017135860608374465,0.005204912439602749,0.011930948168771716,-0.006732046111762036,0.003169198099123749,-0.009901244210885785,-0.011627972661330643,0.008674586327351186,-0.02030255898868183,0.18751283312018857,0.3026626349975507,0.11514980187736212,1
E012,2023-10-07,2023-10-09,Geopolitical shock,Oil,Conflict,Israel-Hamas conflict begins,bullish,High,Public news reports,Utilities ETF,XLU,0.013663103132492305,0.005204912439602749,0.008458190692889556,0.01418201226731286,0.003169198099123749,0.011012814168189111,0.03614665883396784,0.008674586327351186,0.02747207250661665,0.24208942534714384,0.20418430608586177,-0.037905119261282066,1
E005,2023-11-30,2023-11-30,OPEC decision,Oil,Production cut extension,OPEC+ extends voluntary production cuts,bullish,Medium,OPEC,Brent Crude,BZ=F,-0.047688089947087065,0.005916141154397314,-0.05360423110148438,-0.06797059952136442,0.00043841967240743074,-0.06840901919377185,-0.1060002243776973,0.00400989048222633,-0.11001011485992362,0.35795121919766537,0.30787039169280095,-0.05008082750486442,0
E005,2023-11-30,2023-11-30,OPEC decision,Oil,Production cut extension,OPEC+ extends voluntary production cuts,bullish,Medium,OPEC,WTI Crude,CL=F,-0.024881508852397816,0.005916141154397314,-0.03079765000679513,-0.04791995041496133,0.00043841967240743074,-0.04835837008736876,-0.08715116938350853,0.00400989048222633,-0.09116105986573486,0.3735811957180517,0.2442733039862964,-0.1293078917317553,0
E005,2023-11-30,2023-11-30,OPEC decision,Oil,Production cut extension,OPEC+ extends voluntary production cuts,bullish,Medium,OPEC,Natural Gas,NG=F,0.004282600038800544,0.005916141154397314,-0.0016335411155967705,-0.032833692407704285,0.00043841967240743074,-0.033272112080111715,-0.07744468382735836,0.00400989048222633,-0.08145457430958469,0.47613917967757546,0.4624219412534034,-0.013717238424172051,0
E005,2023-11-30,2023-11-30,OPEC decision,Oil,Production cut extension,OPEC+ extends voluntary production cuts,bullish,Medium,OPEC,Shell,SHEL,-0.0056230075563585835,0.005916141154397314,-0.011539148710755898,-0.024924054469095847,0.00043841967240743074,-0.025362474141503277,-0.03844976415153234,0.00400989048222633,-0.04245965463375867,0.27770651391053647,0.12155910792363174,-0.15614740598690474,0
E005,2023-11-30,2023-11-30,OPEC decision,Oil,Production cut extension,OPEC+ extends voluntary production cuts,bullish,Medium,OPEC,BP,BP,-0.008541988472513085,0.005916141154397314,-0.014458129626910399,-0.027555610249952234,0.00043841967240743074,-0.027994029922359664,-0.04408918130302586,0.00400989048222633,-0.04809907178525219,0.2588030437681483,0.04721303592127795,-0.21159000784687032,0
E005,2023-11-30,2023-11-30,OPEC decision,Oil,Production cut extension,OPEC+ extends voluntary production cuts,bullish,Medium,OPEC,ExxonMobil,XOM,0.002433307540929741,0.005916141154397314,-0.003482833613467573,-0.022386461650676148,0.00043841967240743074,-0.02282488132308358,-0.04204777699871631,0.00400989048222633,-0.04605766748094264,0.20436273002148797,0.13118927810631645,-0.07317345191517152,0
E005,2023-11-30,2023-11-30,OPEC decision,Oil,Production cut extension,OPEC+ extends voluntary production cuts,bullish,Medium,OPEC,Chevron,CVX,0.008426250893307285,0.005916141154397314,0.0025101097389099714,-0.00515320332615854,0.00043841967240743074,-0.0055916229985659704,-0.008217423485791575,0.00400989048222633,-0.012227313968017905,0.1937443794491938,0.12710292457659736,-0.06664145487259643,1
E005,2023-11-30,2023-11-30,OPEC decision,Oil,Production cut extension,OPEC+ extends voluntary production cuts,bullish,Medium,OPEC,TotalEnergies,TTE,-0.009992547044972322,0.005916141154397314,-0.015908688199369636,-0.03997050928954171,0.00043841967240743074,-0.04040892896194914,-0.037325336418554844,0.00400989048222633,-0.041335226900781175,0.23924090887045973,0.16858054259971045,-0.07066036627074929,0
E005,2023-11-30,2023-11-30,OPEC decision,Oil,Production cut extension,OPEC+ extends voluntary production cuts,bullish,Medium,OPEC,Energy ETF,XLE,0.005202235102977237,0.005916141154397314,-0.0007139060514200768,-0.016906993006579385,0.00043841967240743074,-0.017345412678986816,-0.03818859504461358,0.00400989048222633,-0.04219848552683991,0.19816590861340078,0.14303111563681764,-0.055134792976583136,0
E005,2023-11-30,2023-11-30,OPEC decision,Oil,Production cut extension,OPEC+ extends voluntary production cuts,bullish,Medium,OPEC,Oil Services ETF,OIH,0.008997722400388763,0.005916141154397314,0.0030815812459914493,-0.021998068351861244,0.00043841967240743074,-0.022436488024268675,-0.06141544161909407,0.00400989048222633,-0.0654253321013204,0.279010136113903,0.2719072109371049,-0.007102925176798114,1
E005,2023-11-30,2023-11-30,OPEC decision,Oil,Production cut extension,OPEC+ extends voluntary production cuts,bullish,Medium,OPEC,Airlines ETF,JETS,0.027283490974753466,0.005916141154397314,0.021367349820356152,0.054566981949507154,0.00043841967240743074,0.05412856227709972,0.10023720063784247,0.00400989048222633,0.09622731015561614,0.3024638864999014,0.34131498856831466,0.038851102068413246,1
E005,2023-11-30,2023-11-30,OPEC decision,Oil,Production cut extension,OPEC+ extends voluntary production cuts,bullish,Medium,OPEC,Utilities ETF,XLU,0.012268935509796908,0.005916141154397314,0.006352794355399594,0.0011154177603751592,0.00043841967240743074,0.0006769980879677284,0.012268935509796908,0.00400989048222633,0.008259045027570577,0.18774197469616452,0.15255981342269903,-0.03518216127346549,1
E013,2024-01-12,2024-01-12,Geopolitical shock,Oil,Military action,US and UK launch strikes against Houthi targets,bullish,Medium,Public news reports,Brent Crude,BZ=F,0.0,-0.003671306660289475,0.003671306660289475,0.01034611762832549,-0.0003986822972991133,0.010744799925624604,0.022608208230527227,0.01420245502557016,0.008405753204957067,0.2899796999435095,0.19131648539691964,-0.09866321454658983,1
E013,2024-01-12,2024-01-12,Geopolitical shock,Oil,Military action,US and UK launch strikes against Houthi targets,bullish,Medium,Public news reports,WTI Crude,CL=F,-0.0038524873159216932,-0.003671306660289475,-0.0001811806556322182,0.0192625415520149,-0.0003986822972991133,0.019661223849314013,0.03453497696328056,0.01420245502557016,0.0203325219377104,0.3240789219780732,0.23680650605855152,-0.08727241591952167,0
E013,2024-01-12,2024-01-12,Geopolitical shock,Oil,Military action,US and UK launch strikes against Houthi targets,bullish,Medium,Public news reports,Natural Gas,NG=F,-0.12466039025372477,-0.003671306660289475,-0.1209890835934353,-0.18593418164674913,-0.0003986822972991133,-0.18553549934945002,-0.26984608004373145,0.01420245502557016,-0.2840485350693016,0.4818041910100401,0.6685518431288576,0.18674765211881755,0
E013,2024-01-12,2024-01-12,Geopolitical shock,Oil,Military action,US and UK launch strikes against Houthi targets,bullish,Medium,Public news reports,Shell,SHEL,-0.03197490970595296,-0.003671306660289475,-0.028303603045663484,-0.03840122017483216,-0.0003986822972991133,-0.03800253787753305,-0.04106579598366167,0.01420245502557016,-0.05526825100923183,0.17991265407748894,0.23266204517334935,0.05274939109586041,0
E013,2024-01-12,2024-01-12,Geopolitical shock,Oil,Military action,US and UK launch strikes against Houthi targets,bullish,Medium,Public news reports,BP,BP,-0.016637996546787104,-0.003671306660289475,-0.012966689886497629,-0.02380955219090053,-0.0003986822972991133,-0.023410869893601416,-0.017498570676524716,0.01420245502557016,-0.031701025702094876,0.1932486904127989,0.18130042393795004,-0.011948266474848868,0
E013,2024-01-12,2024-01-12,Geopolitical shock,Oil,Military action,US and UK launch strikes against Houthi targets,bullish,Medium,Public news reports,ExxonMobil,XOM,-0.022611182769158855,-0.003671306660289475,-0.01893987610886938,-0.031515690458465584,-0.0003986822972991133,-0.03111700816116647,-0.03131556213747999,0.01420245502557016,-0.04551801716305015,0.19497458790306968,0.15328328686196926,-0.041691301041100415,0
E013,2024-01-12,2024-01-12,Geopolitical shock,Oil,Military action,US and UK launch strikes against Houthi targets,bullish,Medium,Public news reports,Chevron,CVX,-0.024309195917023074,-0.003671306660289475,-0.0206378892567336,-0.037007019993348544,-0.0003986822972991133,-0.03660833769604943,-0.0324575876842319,0.01420245502557016,-0.04666004270980206,0.2128956737061176,0.17533244045249072,-0.03756323325362687,0
E013,2024-01-12,2024-01-12,Geopolitical shock,Oil,Military action,US and UK launch strikes against Houthi targets,bullish,Medium,Public news reports,TotalEnergies,TTE,-0.027890720624670906,-0.003671306660289475,-0.02421941396438143,-0.03557961771245688,-0.0003986822972991133,-0.035180935415157766,-0.046283671523731806,0.01420245502557016,-0.060486126549301966,0.1807917747342755,0.25055385046143835,0.06976207572716286,0
E013,2024-01-12,2024-01-12,Geopolitical shock,Oil,Military action,US and UK launch strikes against Houthi targets,bullish,Medium,Public news reports,Energy ETF,XLE,-0.0238267150177901,-0.003671306660289475,-0.020155408357500626,-0.03350256626047898,-0.0003986822972991133,-0.03310388396317987,-0.026729420450719354,0.01420245502557016,-0.040931875476289514,0.19623320322732027,0.18111388994983574,-0.01511931327748453,0
E013,2024-01-12,2024-01-12,Geopolitical shock,Oil,Military action,US and UK launch strikes against Houthi targets,bullish,Medium,Public news reports,Oil Services ETF,OIH,-0.02641957189414268,-0.003671306660289475,-0.022748265233853204,-0.018915206503920867,-0.0003986822972991133,-0.018516524206621754,0.003152443901639934,0.01420245502557016,-0.011050011123930226,0.2701865108983055,0.27182856818001944,0.00164205728171396,0
E013,2024-01-12,2024-01-12,Geopolitical shock,Oil,Military action,US and UK launch strikes against Houthi targets,bullish,Medium,Public news reports,Airlines ETF,JETS,-0.014317239392951042,-0.003671306660289475,-0.010645932732661567,0.002753258249927004,-0.0003986822972991133,0.0031519405472261175,-0.0033039946122925823,0.01420245502557016,-0.017506449637862742,0.2558113278973997,0.35187393887640744,0.09606261097900776,0
E013,2024-01-12,2024-01-12,Geopolitical shock,Oil,Military action,US and UK launch strikes against Houthi targets,bullish,Medium,Public news reports,Utilities ETF,XLU,-0.010896893144048847,-0.003671306660289475,-0.007225586483759372,-0.03569182157665707,-0.0003986822972991133,-0.035293139279357955,-0.04185096608009631,0.01420245502557016,-0.05605342110566647,0.21109991290335897,0.0833532347629437,-0.12774667814041527,0
E010,2024-01-31,2024-01-31,Inventory announcement,Oil,EIA inventories,Unexpected increase in crude inventories,bearish,Low,US EIA,Brent Crude,BZ=F,-0.03683762293423476,0.013088179485211349,-0.04992580241944611,-0.045526878746594335,0.02002563728457285,-0.06555251603116719,-0.030596010623075265,0.031519120115997445,-0.06211513073907271,0.25895183645946734,0.3246294814035814,0.06567764494411404,1
E010,2024-01-31,2024-01-31,Inventory announcement,Oil,EIA inventories,Unexpected increase in crude inventories,bearish,Low,US EIA,WTI Crude,CL=F,-0.02676333315932078,0.013088179485211349,-0.03985151264453213,-0.040474617753244346,0.02002563728457285,-0.0605002550378172,-0.026235964453558802,0.031519120115997445,-0.05775508456955625,0.29986461085374244,0.2719888355600856,-0.027875775293656868,1
E010,2024-01-31,2024-01-31,Inventory announcement,Oil,EIA inventories,Unexpected increase in crude inventories,bearish,Low,US EIA,Natural Gas,NG=F,-0.023809502184254927,0.013088179485211349,-0.036897681669466276,-0.00857137537326702,0.02002563728457285,-0.02859701265783987,-0.06333328716338416,0.031519120115997445,-0.0948524072793816,1.0778492543644116,0.3186284589805031,-0.7592207953839085,1
E010,2024-01-31,2024-01-31,Inventory announcement,Oil,EIA inventories,Unexpected increase in crude inventories,bearish,Low,US EIA,Shell,SHEL,0.018598053284500482,0.013088179485211349,0.005509873799289133,0.0011127475461454317,0.02002563728457285,-0.01891288973842742,0.010332244383337352,0.031519120115997445,-0.021186875732660093,0.19048262219156356,0.1964098163914882,0.005927194199924629,0
E010,2024-01-31,2024-01-31,Inventory announcement,Oil,EIA inventories,Unexpected increase in crude inventories,bearish,Low,US EIA,BP,BP,0.0008547521928961022,0.013088179485211349,-0.012233427292315247,-0.02450131770661723,0.02002563728457285,-0.04452695499119008,0.030484271512862815,0.031519120115997445,-0.0010348486031346305,0.16649892478928577,0.5083474740997465,0.3418485493104607,1
E010,2024-01-31,2024-01-31,Inventory announcement,Oil,EIA inventories,Unexpected increase in crude inventories,bearish,Low,US EIA,ExxonMobil,XOM,-0.004085218236170363,0.013088179485211349,-0.01717339772138171,-0.012255574078142928,0.02002563728457285,-0.03228121136271578,-0.005738705197231964,0.031519120115997445,-0.03725782531322941,0.20892791982802278,0.07595293619910186,-0.1329749836289209,1
E010,2024-01-31,2024-01-31,Inventory announcement,Oil,EIA inventories,Unexpected increase in crude inventories,bearish,Low,US EIA,Chevron,CVX,0.0031202192648733806,0.013088179485211349,-0.009967960220337968,0.0332363324934013,0.02002563728457285,0.013210695208828449,0.03187985555776818,0.031519120115997445,0.000360735441770732,0.20787454585436252,0.20621026945867887,-0.0016642763956836448,1
E010,2024-01-31,2024-01-31,Inventory announcement,Oil,EIA inventories,Unexpected increase in crude inventories,bearish,Low,US EIA,TotalEnergies,TTE,0.0041423839793537365,0.013088179485211349,-0.008945795505857612,-0.020098235835584122,0.02002563728457285,-0.04012387312015697,-0.03267879222258663,0.031519120115997445,-0.06419791233858407,0.20244136521165007,0.29978131501571365,0.09733994980406357,1
E010,2024-01-31,2024-01-31,Inventory announcement,Oil,EIA inventories,Unexpected increase in crude inventories,bearish,Low,US EIA,Energy ETF,XLE,-0.00011989580252813603,0.013088179485211349,-0.013208075287739485,-0.0011988590196642113,0.02002563728457285,-0.02122449630423706,0.004076457285957069,0.031519120115997445,-0.027442662830040376,0.19404627947699601,0.03524637218114341,-0.1587999072958526,1
E010,2024-01-31,2024-01-31,Inventory announcement,Oil,EIA inventories,Unexpected increase in crude inventories,bearish,Low,US EIA,Oil Services ETF,OIH,-0.00300825452210729,0.013088179485211349,-0.01609643400731864,-0.03408318456049475,0.02002563728457285,-0.0541088218450676,-0.018972993327572074,0.031519120115997445,-0.05049211344356952,0.24972824814470354,0.22045844593815556,-0.029269802206547985,1
E010,2024-01-31,2024-01-31,Inventory announcement,Oil,EIA inventories,Unexpected increase in crude inventories,bearish,Low,US EIA,Airlines ETF,JETS,0.015999939285395337,0.013088179485211349,0.0029117598001839884,0.002133318400822537,0.02002563728457285,-0.017892318883750313,0.0373333284105275,0.031519120115997445,0.005814208294530054,0.3531746881069317,0.3055474896719307,-0.04762719843500102,0
E010,2024-01-31,2024-01-31,Inventory announcement,Oil,EIA inventories,Unexpected increase in crude inventories,bearish,Low,US EIA,Utilities ETF,XLU,0.019039793130254834,0.013088179485211349,0.005951613645043485,-0.020178973414497814,0.02002563728457285,-0.040204610699070664,-0.01594785634751683,0.031519120115997445,-0.04746697646351428,0.1604590617914923,0.26170917336251626,0.10125011157102395,0
E018,2024-03-18,2024-03-18,Supply disruption,Oil,Refinery outage,Major refinery disruption reported,bullish,Medium,Public news reports,Brent Crude,BZ=F,0.0056392895294219425,0.0055572112941100205,8.207823531192204e-05,-0.012774779815268422,0.018211725362615505,-0.030986505177883927,-0.0016112255798348407,0.013473569941462316,-0.015084795521297156,0.18518961090537892,0.18758979334001014,0.0024001824346312206,1
E018,2024-03-18,2024-03-18,Supply disruption,Oil,Refinery outage,Major refinery disruption reported,bullish,Medium,Public news reports,WTI Crude,CL=F,0.009066731007401074,0.0055572112941100205,0.003509519713291054,-0.01994682666259373,0.018211725362615505,-0.038158552025209236,-0.009308562150603827,0.013473569941462316,-0.022782132092066143,0.22695089951304315,0.23538718562253264,0.008436286109489488,1
E018,2024-03-18,2024-03-18,Supply disruption,Oil,Refinery outage,Major refinery disruption reported,bullish,Medium,Public news reports,Natural Gas,NG=F,0.024075167234258288,0.0055572112941100205,0.018517955940148267,-0.011743970358255806,0.018211725362615505,-0.02995569572087131,-0.05167348357624235,0.013473569941462316,-0.06514705351770467,0.9332455118829751,0.32741210651793423,-0.6058334053650409,1
E018,2024-03-18,2024-03-18,Supply disruption,Oil,Refinery outage,Major refinery disruption reported,bullish,Medium,Public news reports,Shell,SHEL,0.004989515621591556,0.0055572112941100205,-0.0005676956725184645,0.010734783599884112,0.018211725362615505,-0.007476941762731393,0.019352969116231078,0.013473569941462316,0.005879399174768762,0.12952612309036135,0.060007612251640856,-0.06951851083872049,0
E018,2024-03-18,2024-03-18,Supply disruption,Oil,Refinery outage,Major refinery disruption reported,bullish,Medium,Public news reports,BP,BP,0.0013227499616117466,0.0055572112941100205,-0.004234461332498274,-0.0015877801639643252,0.018211725362615505,-0.01979950552657983,0.012436982437918909,0.013473569941462316,-0.001036587503543407,0.12787605266125032,0.09454317613480186,-0.033332876526448466,0
E018,2024-03-18,2024-03-18,Supply disruption,Oil,Refinery outage,Major refinery disruption reported,bullish,Medium,Public news reports,ExxonMobil,XOM,0.007034601442186927,0.0055572112941100205,0.001477390148076907,0.010596515684029528,0.018211725362615505,-0.007615209678585977,0.0209259353389184,0.013473569941462316,0.007452365397456084,0.14664252701189032,0.07438238740470435,-0.07226013960718597,1
E018,2024-03-18,2024-03-18,Supply disruption,Oil,Refinery outage,Major refinery disruption reported,bullish,Medium,Public news reports,Chevron,CVX,0.007785810911607127,0.0055572112941100205,0.0022285996174971068,-0.0035391326224677444,0.018211725362615505,-0.02175085798508325,0.006820632204475707,0.013473569941462316,-0.006652937736986608,0.150656246855951,0.1523030170837887,0.0016467702278377128,1
E018,2024-03-18,2024-03-18,Supply disruption,Oil,Refinery outage,Major refinery disruption reported,bullish,Medium,Public news reports,TotalEnergies,TTE,0.0044053042886822436,0.0055572112941100205,-0.001151907005427777,-0.0011746809626292931,0.018211725362615505,-0.019386406325244798,0.002790117965067118,0.013473569941462316,-0.010683451976395197,0.14507548301348677,0.17532484577500096,0.030249362761514187,0
E018,2024-03-18,2024-03-18,Supply disruption,Oil,Refinery outage,Major refinery disruption reported,bullish,Medium,Public news reports,Energy ETF,XLE,0.011411074717839753,0.0055572112941100205,0.005853863423729733,0.016019510892050448,0.018211725362615505,-0.002192214470565057,0.023260953956714348,0.013473569941462316,0.009787384015252032,0.12546855022721642,0.0979393151907107,-0.027529235036505728,1
E018,2024-03-18,2024-03-18,Supply disruption,Oil,Refinery outage,Major refinery disruption reported,bullish,Medium,Public news reports,Oil Services ETF,OIH,0.022090571146103466,0.0055572112941100205,0.016533359851993445,0.02986539988500936,0.018211725362615505,0.011653674522393853,0.03146977309048049,0.013473569941462316,0.017996203149018175,0.1723571158002354,0.16535419227667225,-0.007002923523563159,1
E018,2024-03-18,2024-03-18,Supply disruption,Oil,Refinery outage,Major refinery disruption reported,bullish,Medium,Public news reports,Airlines ETF,JETS,0.0,0.0055572112941100205,-0.0055572112941100205,0.038167992717566435,0.018211725362615505,0.01995626735495093,0.03664135912665589,0.013473569941462316,0.023167789185193577,0.1311395764842445,0.2055538930405738,0.0744143165563293,0
E018,2024-03-18,2024-03-18,Supply disruption,Oil,Refinery outage,Major refinery disruption reported,bullish,Medium,Public news reports,Utilities ETF,XLU,0.008856580438558082,0.0055572112941100205,0.003299369144448061,0.008540354434394049,0.018211725362615505,-0.009671370928221457,0.014708370316996344,0.013473569941462316,0.0012348003755340287,0.14932567187726883,0.0632866141790823,-0.08603905769818654,1
E014,2024-04-13,2024-04-15,Geopolitical shock,Oil,Missile attack,Iran launches direct attack on Israel,bullish,High,Public news reports,Brent Crude,BZ=F,-0.0008879226682525498,-0.0018237876332101166,0.0009358649649575668,-0.033185326463999076,-0.009773028992227983,-0.023412297471771093,-0.03440619896360475,-0.009376585834758533,-0.025029613128846218,0.1644005117751488,0.21023222545994183,0.045831713684793024,1
E014,2024-04-13,2024-04-15,Geopolitical shock,Oil,Missile attack,Iran launches direct attack on Israel,bullish,High,Public news reports,WTI Crude,CL=F,-0.0005854472498986185,-0.0018237876332101166,0.001238340383311498,-0.031378061002996005,-0.009773028992227983,-0.02160503201076802,-0.0299731305259735,-0.009376585834758533,-0.02059654469121497,0.19485318345128783,0.22959609916430163,0.0347429157130138,1
E014,2024-04-13,2024-04-15,Geopolitical shock,Oil,Missile attack,Iran launches direct attack on Israel,bullish,High,Public news reports,Natural Gas,NG=F,0.024246013573645087,-0.0018237876332101166,0.026069801206855203,0.03903015099749485,-0.009773028992227983,0.048803179989722834,0.059136620191727385,-0.009376585834758533,0.06851320602648592,0.5637861708594537,0.27878417707183883,-0.28500199378761487,1
E014,2024-04-13,2024-04-15,Geopolitical shock,Oil,Missile attack,Iran launches direct attack on Israel,bullish,High,Public news reports,Shell,SHEL,-0.012232310670126756,-0.0018237876332101166,-0.01040852303691664,-0.01264941210711068,-0.009773028992227983,-0.002876383114882697,0.006255362939656672,-0.009376585834758533,0.015631948774415205,0.12274637116628657,0.15454553604875118,0.031799164882464606,0
E014,2024-04-13,2024-04-15,Geopolitical shock,Oil,Missile attack,Iran launches direct attack on Israel,bullish,High,Public news reports,BP,BP,-0.011261592034695123,-0.0018237876332101166,-0.009437804401485006,-0.029434279511139527,-0.009773028992227983,-0.019661250518911544,-0.004095033893596556,-0.009376585834758533,0.005281551941161977,0.12905506084129947,0.20386431298896665,0.07480925214766718,0
E014,2024-04-13,2024-04-15,Geopolitical shock,Oil,Missile attack,Iran launches direct attack on Israel,bullish,High,Public news reports,ExxonMobil,XOM,-0.008271953360004525,-0.0018237876332101166,-0.006448165726794408,-0.009692531901939194,-0.009773028992227983,8.049709028878915e-05,0.007352969434639922,-0.009376585834758533,0.016729555269398455,0.12438815236643219,0.11834557936120779,-0.0060425730052244,0
E014,2024-04-13,2024-04-15,Geopolitical shock,Oil,Missile attack,Iran launches direct attack on Israel,bullish,High,Public news reports,Chevron,CVX,-0.00831269443345728,-0.0018237876332101166,-0.006488906800247163,-0.00012687477183048745,-0.009773028992227983,0.009646154220397496,0.027476324432533783,-0.009376585834758533,0.036852910267292316,0.11961196974391854,0.1501365432671423,0.030524573523223755,0
E014,2024-04-13,2024-04-15,Geopolitical shock,Oil,Missile attack,Iran launches direct attack on Israel,bullish,High,Public news reports,TotalEnergies,TTE,-0.005819640120437675,-0.0018237876332101166,-0.003995852487227558,-0.01856705998063668,-0.009773028992227983,-0.008794030988408696,0.005819521849492748,-0.009376585834758533,0.015196107684251281,0.1605417519477679,0.18508095010609182,0.02453919815832392,0
E014,2024-04-13,2024-04-15,Geopolitical shock,Oil,Missile attack,Iran launches direct attack on Israel,bullish,High,Public news reports,Energy ETF,XLE,-0.008715899458423992,-0.0018237876332101166,-0.006892111825213876,-0.014596348788064817,-0.009773028992227983,-0.0048233197958368335,0.0037801413888491897,-0.009376585834758533,0.013156727223607723,0.12013299575634966,0.13238768213433155,0.012254686377981897,0
E014,2024-04-13,2024-04-15,Geopolitical shock,Oil,Missile attack,Iran launches direct attack on Israel,bullish,High,Public news reports,Oil Services ETF,OIH,-0.012776936232780312,-0.0018237876332101166,-0.010953148599570195,-0.02509864931867567,-0.009773028992227983,-0.015325620326447686,-0.02121395661065395,-0.009376585834758533,-0.011837370775895417,0.18502148410174885,0.13861175846659937,-0.046409725635149474,0
E014,2024-04-13,2024-04-15,Geopolitical shock,Oil,Missile attack,Iran launches direct attack on Israel,bullish,High,Public news reports,Airlines ETF,JETS,-0.0005158682830208594,-0.0018237876332101166,0.0013079193501892572,0.05314763001240097,-0.009773028992227983,0.06292065900462895,0.08255936553460086,-0.009376585834758533,0.09193595136935939,0.23819455284483804,0.26196066177395166,0.023766108929113627,1
E014,2024-04-13,2024-04-15,Geopolitical shock,Oil,Missile attack,Iran launches direct attack on Israel,bullish,High,Public news reports,Utilities ETF,XLU,-0.013205539672750621,-0.0018237876332101166,-0.011381752039540505,0.013048307260024261,-0.009773028992227983,0.022821336252252244,0.03804423092336817,-0.009376585834758533,0.047420816758126705,0.14376180752625287,0.2063091310421836,0.06254732351593073,0
E021,2024-05-28,2024-05-28,Weather disruption,Natural gas,Heatwave,US heatwave boosts natural gas demand expectations,bullish,Low,Public news reports,Brent Crude,BZ=F,-0.007361704317211726,-0.007002629786867498,-0.00035907453034422776,-0.03087150838798558,-0.004605439688344037,-0.026266068699641543,-0.0795536034258536,-0.002680068468159824,-0.07687353495769378,0.21151785882066507,0.23398123831838058,0.022463379497715513,0
E021,2024-05-28,2024-05-28,Weather disruption,Natural gas,Heatwave,US heatwave boosts natural gas demand expectations,bullish,Low,Public news reports,WTI Crude,CL=F,-0.007515952152811867,-0.007002629786867498,-0.0005133223659443686,-0.035575647026734325,-0.004605439688344037,-0.030970207338390288,-0.08242517449742814,-0.002680068468159824,-0.07974510602926832,0.1965693397337648,0.17617365244545127,-0.020395687288313535,0
E021,2024-05-28,2024-05-28,Weather disruption,Natural gas,Heatwave,US heatwave boosts natural gas demand expectations,bullish,Low,Public news reports,Natural Gas,NG=F,-0.03745169377074831,-0.007002629786867498,-0.03044906398388081,-0.0011583092973951326,-0.004605439688344037,0.003447130390948905,-0.00154438171202409,-0.002680068468159824,0.0011356867561357342,1.0776410850778633,0.8137333545126171,-0.2639077305652462,0
E021,2024-05-28,2024-05-28,Weather disruption,Natural gas,Heatwave,US heatwave boosts natural gas demand expectations,bullish,Low,Public news reports,Shell,SHEL,-0.004042216945545185,-0.007002629786867498,0.002960412841322313,0.01449701210179044,-0.004605439688344037,0.019102451790134478,-0.022999697648019235,-0.002680068468159824,-0.02031962917985941,0.14205748002641955,0.26279128920302086,0.12073380917660131,1
E021,2024-05-28,2024-05-28,Weather disruption,Natural gas,Heatwave,US heatwave boosts natural gas demand expectations,bullish,Low,Public news reports,BP,BP,-0.007486675838732415,-0.007002629786867498,-0.000484046051864917,0.004545265606215043,-0.004605439688344037,0.00915070529455908,-0.04919787818327326,-0.002680068468159824,-0.046517809715113434,0.19018669857889114,0.29645417414064146,0.10626747556175031,0
E021,2024-05-28,2024-05-28,Weather disruption,Natural gas,Heatwave,US heatwave boosts natural gas demand expectations,bullish,Low,Public news reports,ExxonMobil,XOM,-0.010708834689315716,-0.007002629786867498,-0.003706204902448218,0.020894839124187436,-0.004605439688344037,0.025500278812531474,-0.019066812897415852,-0.002680068468159824,-0.016386744429256028,0.17445396525320603,0.32690524497867984,0.15245127972547382,0
E021,2024-05-28,2024-05-28,Weather disruption,Natural gas,Heatwave,US heatwave boosts natural gas demand expectations,bullish,Low,Public news reports,Chevron,CVX,-0.013455609811559799,-0.007002629786867498,-0.006452980024692301,0.020497964154531312,-0.004605439688344037,0.02510340384287535,-0.01829716310893137,-0.002680068468159824,-0.015617094640771545,0.16781915062056807,0.33740690704002385,0.16958775641945578,0
E021,2024-05-28,2024-05-28,Weather disruption,Natural gas,Heatwave,US heatwave boosts natural gas demand expectations,bullish,Low,Public news reports,TotalEnergies,TTE,-0.015525315299454001,-0.007002629786867498,-0.008522685512586503,0.013584687862059575,-0.004605439688344037,0.018190127550403612,-0.0250902545870344,-0.002680068468159824,-0.022410186118874575,0.1872971375754991,0.35253988110032985,0.16524274352483076,0
E021,2024-05-28,2024-05-28,Weather disruption,Natural gas,Heatwave,US heatwave boosts natural gas demand expectations,bullish,Low,Public news reports,Energy ETF,XLE,-0.01765779462551742,-0.007002629786867498,-0.010655164838649922,0.009641471612745978,-0.004605439688344037,0.014246911301090015,-0.026215981743102135,-0.002680068468159824,-0.02353591327494231,0.1679704996020206,0.31577480637502686,0.14780430677300627,0
E021,2024-05-28,2024-05-28,Weather disruption,Natural gas,Heatwave,US heatwave boosts natural gas demand expectations,bullish,Low,Public news reports,Oil Services ETF,OIH,-0.021904997353459743,-0.007002629786867498,-0.014902367566592245,0.001433447982174707,-0.004605439688344037,0.006038887670518744,-0.06895583097660052,-0.002680068468159824,-0.0662757625084407,0.24162720102741908,0.4213742620159719,0.1797470609885528,0
E021,2024-05-28,2024-05-28,Weather disruption,Natural gas,Heatwave,US heatwave boosts natural gas demand expectations,bullish,Low,Public news reports,Airlines ETF,JETS,-0.023080861942551878,-0.007002629786867498,-0.01607823215568438,0.005017574488109133,-0.004605439688344037,0.00962301417645317,0.0020069140117429107,-0.002680068468159824,0.004686982479902735,0.2000877785229537,0.2718146211308812,0.07172684260792747,0
E021,2024-05-28,2024-05-28,Weather disruption,Natural gas,Heatwave,US heatwave boosts natural gas demand expectations,bullish,Low,Public news reports,Utilities ETF,XLU,-0.0128796931841757,-0.007002629786867498,-0.005877063397308202,0.01805971096396264,-0.004605439688344037,0.022665150652306676,0.006019903654654213,-0.002680068468159824,0.008699972122814037,0.14032841060523965,0.2217579300424172,0.08142951943717755,0
E029,2024-06-02,2024-06-03,OPEC decision,Oil,Production policy,OPEC+ agrees phased production adjustment,bearish,Medium,OPEC,Brent Crude,BZ=F,-0.010719805522489856,0.0011180085718740518,-0.011837814094363908,0.019270062844167324,0.012997354378908366,0.006272708465258958,0.04173043156707723,0.014892054692874801,0.02683837687420243,0.1677729788829077,0.23760776707214393,0.06983478818923622,1
E029,2024-06-02,2024-06-03,OPEC decision,Oil,Production policy,OPEC+ agrees phased production adjustment,bearish,Medium,OPEC,WTI Crude,CL=F,-0.013069269802606143,0.0011180085718740518,-0.014187278374480194,0.01791972257046659,0.012997354378908366,0.004922368191558224,0.04742652364824451,0.014892054692874801,0.03253446895536971,0.19301693233056394,0.2641889713610774,0.07117203903051345,1
E029,2024-06-02,2024-06-03,OPEC decision,Oil,Production policy,OPEC+ agrees phased production adjustment,bearish,Medium,OPEC,Natural Gas,NG=F,-0.06168362616313405,0.0011180085718740518,-0.0628016347350081,0.023584926063423772,0.012997354378908366,0.010587571684515407,0.054426652636073714,0.014892054692874801,0.03953459794319891,0.620130456481355,0.7631498376169422,0.1430193811355872,1
E029,2024-06-02,2024-06-03,OPEC decision,Oil,Production policy,OPEC+ agrees phased production adjustment,bearish,Medium,OPEC,Shell,SHEL,-0.010168011226790341,0.0011180085718740518,-0.011286019798664393,-0.007908427264029516,0.012997354378908366,-0.020905781642937882,-0.002400676779095834,0.014892054692874801,-0.017292731471970635,0.1310261752286619,0.19139311583101368,0.06036694060235179,1
E029,2024-06-02,2024-06-03,OPEC decision,Oil,Production policy,OPEC+ agrees phased production adjustment,bearish,Medium,OPEC,BP,BP,-0.02307682921191645,0.0011180085718740518,-0.0241948377837905,-0.026098813100457363,0.012997354378908366,-0.03909616747936573,-0.013186742788058203,0.014892054692874801,-0.028078797480933004,0.1981635091899099,0.2423512593767246,0.0441877501868147,1
E029,2024-06-02,2024-06-03,OPEC decision,Oil,Production policy,OPEC+ agrees phased production adjustment,bearish,Medium,OPEC,ExxonMobil,XOM,-0.015552531624214216,0.0011180085718740518,-0.016670540196088268,-0.00419385393073346,0.012997354378908366,-0.017191208309641826,-0.011970155335252808,0.014892054692874801,-0.02686221002812761,0.19049209552467453,0.16061809679751238,-0.02987399872716215,1
E029,2024-06-02,2024-06-03,OPEC decision,Oil,Production policy,OPEC+ agrees phased production adjustment,bearish,Medium,OPEC,Chevron,CVX,-0.008446747734025317,0.0011180085718740518,-0.009564756305899369,-0.00971704250046368,0.012997354378908366,-0.022714396879372045,-0.00457274450904932,0.014892054692874801,-0.01946479920192412,0.16568497400489615,0.10587866882614172,-0.05980630517875443,1
E029,2024-06-02,2024-06-03,OPEC decision,Oil,Production policy,OPEC+ agrees phased production adjustment,bearish,Medium,OPEC,TotalEnergies,TTE,-0.011247137995420764,0.0011180085718740518,-0.012365146567294816,-0.004217466747946763,0.012997354378908366,-0.01721482112685513,-0.010262776420442266,0.014892054692874801,-0.025154831113317067,0.2037390998685762,0.17188053577122334,-0.031858564097352854,1
E029,2024-06-02,2024-06-03,OPEC decision,Oil,Production policy,OPEC+ agrees phased production adjustment,bearish,Medium,OPEC,Energy ETF,XLE,-0.009585717359658963,0.0011180085718740518,-0.010703725931533015,-0.004517344784361721,0.012997354378908366,-0.017514699163270087,-0.0009915792483565777,0.014892054692874801,-0.01588363394123138,0.1649673292016707,0.10999908188171406,-0.05496824731995664,1
E029,2024-06-02,2024-06-03,OPEC decision,Oil,Production policy,OPEC+ agrees phased production adjustment,bearish,Medium,OPEC,Oil Services ETF,OIH,-0.02276309316900904,0.0011180085718740518,-0.023881101740883093,-0.01808611165394025,0.012997354378908366,-0.031083466032848617,0.013376370326867226,0.014892054692874801,-0.0015156843660075747,0.21513828453823106,0.2846852952764817,0.06954701073825062,1
E029,2024-06-02,2024-06-03,OPEC decision,Oil,Production policy,OPEC+ agrees phased production adjustment,bearish,Medium,OPEC,Airlines ETF,JETS,-0.00942465678161597,0.0011180085718740518,-0.010542665353490022,-0.005952339505122972,0.012997354378908366,-0.018949693884031338,-0.005456335059397022,0.014892054692874801,-0.020348389752271823,0.213862183992884,0.12812049452895638,-0.08574168946392763,1
E029,2024-06-02,2024-06-03,OPEC decision,Oil,Production policy,OPEC+ agrees phased production adjustment,bearish,Medium,OPEC,Utilities ETF,XLU,-0.00041725587361785,0.0011180085718740518,-0.0015352644454919018,-0.016414026498804413,0.012997354378908366,-0.02941138087771278,-0.014605653579367162,0.014892054692874801,-0.029497708272241963,0.1557768173414257,0.1551523729080984,-0.0006244444333272925,1
E030,2024-10-02,2024-10-02,Geopolitical shock,Oil,Regional conflict,Escalation of Middle East tensions,bullish,Medium,Public news reports,Brent Crude,BZ=F,0.05033831047216464,-0.0018281779867485026,0.05216648845891314,0.09512853361491547,-0.001863326832804324,0.09699186044771979,0.036265226655472826,0.014555454695765357,0.02170977195970747,0.279967740485309,0.6062868023777098,0.32631906189240084,1
E030,2024-10-02,2024-10-02,Geopolitical shock,Oil,Regional conflict,Escalation of Middle East tensions,bullish,Medium,Public news reports,WTI Crude,CL=F,0.051497870027547465,-0.0018281779867485026,0.05332604801429597,0.10042797530339898,-0.001863326832804324,0.1022913021362033,0.044793144907237625,0.014555454695765357,0.030237690211472268,0.3225824286305647,0.606200746150847,0.28361831752028227,1
E030,2024-10-02,2024-10-02,Geopolitical shock,Oil,Regional conflict,Escalation of Middle East tensions,bullish,Medium,Public news reports,Natural Gas,NG=F,0.029106068265205787,-0.0018281779867485026,0.03093424625195429,-0.04851000362584601,-0.001863326832804324,-0.046646676793041686,-0.07830902237557602,0.014555454695765357,-0.09286447707134138,0.6384652323850801,0.45490705404984555,-0.18355817833523458,1
E030,2024-10-02,2024-10-02,Geopolitical shock,Oil,Regional conflict,Escalation of Middle East tensions,bullish,Medium,Public news reports,Shell,SHEL,0.009436659304537187,-0.0018281779867485026,0.01126483729128569,0.03553522452444802,-0.001863326832804324,0.03739855135725234,0.005897904527730757,0.014555454695765357,-0.0086575501680346,0.22773951578856627,0.30643411338469884,0.07869459759613256,1
E030,2024-10-02,2024-10-02,Geopolitical shock,Oil,Regional conflict,Escalation of Middle East tensions,bullish,Medium,Public news reports,BP,BP,0.0027804325692433185,-0.0018281779867485026,0.004608610555991821,0.023787393924481703,-0.001863326832804324,0.025650720757286027,-0.012048259362079317,0.014555454695765357,-0.026603714057844674,0.2401720280765697,0.29010145299924234,0.04992942492267263,1
E030,2024-10-02,2024-10-02,Geopolitical shock,Oil,Regional conflict,Escalation of Middle East tensions,bullish,Medium,Public news reports,ExxonMobil,XOM,0.00872283827343745,-0.0018281779867485026,0.010551016260185953,0.03168208285589014,-0.001863326832804324,0.03354540968869446,0.0046905332779720865,0.014555454695765357,-0.009864921417793271,0.2623125086945372,0.26703613840302853,0.004723629708491328,1
E030,2024-10-02,2024-10-02,Geopolitical shock,Oil,Regional conflict,Escalation of Middle East tensions,bullish,Medium,Public news reports,Chevron,CVX,0.0019875589740128152,-0.0018281779867485026,0.003815736960761318,0.001126072910553333,-0.001863326832804324,0.002989399743357657,-0.00861224743116662,0.014555454695765357,-0.023167702126931977,0.2124711174098269,0.13511760676453002,-0.07735351064529689,1
E030,2024-10-02,2024-10-02,Geopolitical shock,Oil,Regional conflict,Escalation of Middle East tensions,bullish,Medium,Public news reports,TotalEnergies,TTE,0.008917769782891716,-0.0018281779867485026,0.010745947769640218,0.03210460182961339,-0.001863326832804324,0.03396792866241771,0.01129591591454937,0.014555454695765357,-0.003259538781215987,0.21358312866410084,0.20004332226563618,-0.013539806398464665,1
E030,2024-10-02,2024-10-02,Geopolitical shock,Oil,Regional conflict,Escalation of Middle East tensions,bullish,Medium,Public news reports,Energy ETF,XLE,0.017636652964669652,-0.0018281779867485026,0.019464830951418155,0.030754107955933252,-0.001863326832804324,0.032617434788737576,0.009920628398271791,0.014555454695765357,-0.004634826297493566,0.20956360825184053,0.26395734741311194,0.05439373916127141,1
E030,2024-10-02,2024-10-02,Geopolitical shock,Oil,Regional conflict,Escalation of Middle East tensions,bullish,Medium,Public news reports,Oil Services ETF,OIH,0.021948354399824455,-0.0018281779867485026,0.023776532386572957,0.03372722500058889,-0.001863326832804324,0.035590551833393214,0.001780658205338348,0.014555454695765357,-0.01277479649042701,0.29360188048858243,0.29484746218567753,0.0012455816970950995,1
E030,2024-10-02,2024-10-02,Geopolitical shock,Oil,Regional conflict,Escalation of Middle East tensions,bullish,Medium,Public news reports,Airlines ETF,JETS,-0.008901968220951129,-0.0018281779867485026,-0.007073790234202626,0.022255300962113367,-0.001863326832804324,0.02411862779491769,0.027200912831201407,0.014555454695765357,0.01264545813543605,0.222247564241961,0.265411378714541,0.043163814472580025,0
E030,2024-10-02,2024-10-02,Geopolitical shock,Oil,Regional conflict,Escalation of Middle East tensions,bullish,Medium,Public news reports,Utilities ETF,XLU,-0.0003682994016266372,-0.0018281779867485026,0.0014598785851218654,-0.02491719660967706,-0.001863326832804324,-0.023053869776872737,-0.032772839779327434,0.014555454695765357,-0.04732829447509279,0.1403939037616329,0.15615538612149588,0.015761482359862966,1
